attack_pattern_id,technique_id
attack-pattern--f2002598-3bf0-5d79-9325-e4935f0e7c5f,T1574.010
attack-pattern--6426c2c4-68c5-5e97-a3b5-1e6394d907e8,T1574.005
attack-pattern--da7d433c-d82c-5128-a4a4-46762416c189,T1574.010
attack-pattern--33e16aa7-46d5-559d-8e5b-d11c42998d82,T1548
attack-pattern--5a1a1776-ffde-5b1d-a761-cb99086bf6f8,T1557.002
attack-pattern--c8da2199-61c6-529a-a353-38513205093f,T1548
attack-pattern--bcd4f1b1-76a1-51d0-9a67-bef55e3424ab,T1548
attack-pattern--15ba5d43-61eb-5a25-a801-f7a026162071,T1553.002
attack-pattern--20d532d0-4162-551f-b2da-6756ac6c9783,T1055
attack-pattern--c5dbae09-8861-5db6-9a0b-829e8b8dcca5,T1055
attack-pattern--692d98e9-da2c-59e9-9b7d-862fb5233555,T1110.004
attack-pattern--6c0cf0df-bb29-58a6-bbc8-cb933e172fe1,T1110.001
attack-pattern--34a29ce9-54bb-5518-bcce-cc97a7ba7964,T1078
attack-pattern--8f2c95cc-7c6f-566f-9756-32a9222d262f,T1005
attack-pattern--e6cd2549-78a5-555b-9838-ae5cca957828,T1005
attack-pattern--eb4d018a-5839-5bc2-83bb-73c9e2888a39,T1111
attack-pattern--c9f98faf-fb49-5b0b-ae18-9a73daea9886,T1125
attack-pattern--bcbcdc0b-51d0-5422-93e6-3c90c900d1a5,T1555.001
attack-pattern--36c4bfa1-2f3d-5dc0-9e8f-8209b3b4be4e,T1021.002
attack-pattern--1e8c8572-9534-5a8d-9234-e87d85514eba,T1056.001
attack-pattern--4cb97496-0eff-5e6a-a305-a2568a3f1d09,T1547.014
attack-pattern--369b2a15-e26a-5bb3-b819-86b7fd47b617,T1595
attack-pattern--7e8d990d-fe61-500c-a581-6d88bd3782e5,T1049
attack-pattern--05aafb77-1cf0-5169-9cb7-42d832a0abdd,T1135
attack-pattern--9d4d13a4-c9e1-57d8-9d64-499019956d9c,T1036.003
attack-pattern--d7e24baa-d654-5f66-9b1d-2ed63794ac0d,T1550.002
attack-pattern--37f05c09-cf06-513a-8045-0f5b441180de,T1027
attack-pattern--42cdc46b-12a7-5428-a5bf-7af25e99c0b8,T1185
attack-pattern--c4d85fc1-baec-56ac-bc22-a2a76a892f2f,T1574.008
attack-pattern--47ea1e9b-5d22-5520-b00c-bc254a7c11a2,T1185
attack-pattern--0db26961-ce06-515c-996b-12b1cd672ff7,T1556
attack-pattern--860a3cec-f370-553a-81e2-7363dfd69044,T1491
attack-pattern--0fe1d807-64ff-5810-84f6-a6ad64e5796c,T1565.002
attack-pattern--8313e661-75e1-5de9-af27-76ae2b8c8759,T1557
attack-pattern--af80c854-9106-5dcc-b452-48145efb0d2d,T1056.004
attack-pattern--da259516-cc61-52d3-a373-98dceaeb30ea,T1589
attack-pattern--2aa544df-6e7c-5c5c-b870-b8a6a741f1b6,T1598.001
attack-pattern--5e290919-629e-593d-9e43-6991fce07ce4,T1598
attack-pattern--9a3f1ebc-5134-5e49-b31d-8069cb1279fe,T1036.005
attack-pattern--1f7cac5d-1d38-5d52-a643-d6e935c8dfb3,T1036.005
attack-pattern--fb187843-8df2-5451-a386-c586ec82971b,T1195.001
attack-pattern--e2f87ccd-1ead-5cbb-a925-b67a9000523e,T1499.003
attack-pattern--75198056-f2fa-579d-bdf9-828d709adc34,T1195.002
attack-pattern--c13af74d-6f70-5b14-9e72-b6ab6b5aa61f,T1195.001
attack-pattern--bd11d042-6b1e-54ba-b1b5-ff95b79508ea,T1592.002
attack-pattern--799bf94b-a587-504a-8ee7-a087ca303870,T1082
attack-pattern--1991f3c0-6b56-5e59-9765-b6932128a53f,T1027
attack-pattern--c2dbf975-d75a-550e-9c39-a3f899bbeb88,T1195.002
attack-pattern--dbbcb040-dc21-5c17-9f74-cb37e7d57ad2,T1221
attack-pattern--eb99033c-edee-51aa-bd8d-07c014ec92b9,T1539
attack-pattern--beefba14-2ded-573c-865e-0a1b68e62fa8,T1213
attack-pattern--ec964e75-a9d3-5414-bb3a-2e9d65192f09,T1528
attack-pattern--eebd1b9e-80b3-5606-b276-0bcd0564d8b6,T1498.001
attack-pattern--01029bff-2991-5942-a1e2-f952dc550b77,T1027.009
attack-pattern--d768088f-d132-5813-ba0c-0ecd74185f0b,T1046
attack-pattern--fb5c0a5b-6e01-5cc4-98b5-382605d12268,T1072
attack-pattern--3fe69330-8cfe-5202-a118-715cae6ba80c,T1195
attack-pattern--52154a90-35b7-597a-8d91-543735a87b26,T1092
attack-pattern--9df4c7d4-4ed5-5c70-9918-a3b2500b6f96,T1134.002
attack-pattern--50bce78a-e7c8-5d4d-b33c-fc7ffe8ef41d,T1036.001
attack-pattern--4fbac5c6-917f-5974-914c-739500a09c66,T1200
attack-pattern--39f12b2e-1f22-5493-ae0c-7c19d784b8fa,T1195
attack-pattern--6cd53444-8550-5e9c-b3c6-9cbcd0022e09,T1195.003
attack-pattern--d38dd5f8-4777-54ed-aa6f-9f0c4b0970de,T1082
attack-pattern--5f8fe5a6-262e-53a0-beee-60a7bea019d0,T1647
attack-pattern--e2910635-6ff2-5396-a55e-5d0f823901b3,T1036.007
attack-pattern--feae5eca-330c-5e04-9996-28d41ae66975,T1558
attack-pattern--8603c14e-6467-50c1-a6a0-cefa8aba3e7e,T1562.003
attack-pattern--acf232d1-454f-55f6-98fd-3eb5cc6c6f57,T1499
attack-pattern--11b1579b-0d81-576a-a9dd-15eb5f393c74,T1498.001
attack-pattern--11e956c0-5e72-5f88-a436-9b5ccbda62b7,T1611
attack-pattern--a7398658-262c-53d5-8a85-7141e9eceb6c,T1562.003
attack-pattern--69fbf24f-6074-575b-a7a0-7322bd2b7349,T1027.001
attack-pattern--0483af55-1041-5c21-9b67-145d8df27119,T1600
attack-pattern--afa09d01-f7b9-5922-bbf0-777c7a09a1a5,T1557.003
attack-pattern--a5aa2d3f-b76a-5dac-a69a-cfe85f2dd3fc,T1195.001
attack-pattern--4142580a-1be2-5c13-8950-f92af18d2028,T1036.004
attack-pattern--26a103b4-ed40-50b3-b9c5-c9733faf974c,T1195.003
attack-pattern--ff7e82b6-445a-599d-b0be-cbf559521b43,T1195.002
attack-pattern--df0962e1-2efa-55f0-8852-ff2c61174f69,T1195.003
attack-pattern--de5566e0-2878-56e6-902a-b1f6d2da4eeb,T1499.004
attack-pattern--2a10c917-881a-5922-b8d5-09e1cb9b7402,T1499.002
attack-pattern--c89f612a-af92-5675-aea2-a8bc57e19e2b,T1606.001
attack-pattern--0d890e84-644f-5f6d-a726-36b8f9c20321,T1090.001
attack-pattern--c61a168a-032e-5647-9fca-70968ee37aad,T1082
attack-pattern--4441c6a8-40ff-5fd3-8aa2-3bbacf6d0668,T1499
attack-pattern--f42a2149-a7ec-5fba-9870-e7650e8115de,T1498.001
attack-pattern--5e3a3d50-8404-5ce8-9800-be8eef768599,T1498.002
attack-pattern--f82e8ec9-850d-5fbd-acd1-e56464af9db2,T1499.002
attack-pattern--70e1844a-5479-5637-a2e1-d1924736532d,T1499.002
attack-pattern--76c2df90-eaee-5259-98c1-44ac86b97532,T1498.001
attack-pattern--c62ba258-0c17-5353-94f2-6613800b2793,T1574.005
attack-pattern--1a46898c-c6d0-5f50-81bd-b29cb50f11ab,T1505.003
attack-pattern--82409028-ff9d-58c5-a3fc-bd43d6ba69ed,T1080
attack-pattern--60305a26-9cc6-5f26-a29b-4e4ee6ff72b4,T1036
attack-pattern--20bbde0b-ce21-5ad2-9bc6-548851d7e08b,T1599
attack-pattern--ff33e5c1-2618-53f0-81f4-777eb9bd773e,T1562.008
attack-pattern--c9098d07-f532-5c4c-893c-a58544d7530c,T1090.004
attack-pattern--3a9041b7-a3e1-54f3-9aa3-d9fd3f74881a,T1574.013
attack-pattern--b87e65e1-868b-516c-930a-039ffccec16c,T1021
attack-pattern--7aab44f6-8119-5a62-bf0f-d9a83bc7284b,T1111
attack-pattern--4f89b7fd-0cef-5223-8610-eb3a0519980a,T1552.001
attack-pattern--db81bdb5-2bea-5717-a270-7137bdadb175,T1078.001
attack-pattern--5352bad2-9aff-564f-93a8-ae847b739ec7,T1614
attack-pattern--84bcc16c-27bb-5a79-a8e5-c2aef024ddd4,T1120
attack-pattern--9b6279a5-7c1b-5c15-921a-f2975d3b4627,T1518.001
attack-pattern--368e23d2-4dae-5da1-b9a1-52ec0ddd0fbe,T1033
attack-pattern--375a9462-b8c8-5c7c-8426-3a70b3707a23,T1615
attack-pattern--44216ee8-cdf7-5f4c-961d-9927fe91277c,T1087
attack-pattern--d015ea96-8efb-5cd5-8938-39efebc18c18,T1007
attack-pattern--14c4b719-f0a8-5f39-861a-d523e4d12976,T1057
attack-pattern--081a9211-af26-523d-a077-09fb3ac22763,T1562.008
attack-pattern--c788f3fe-e37f-5fa2-9cf6-39fb60e5bfb8,T1574.011
attack-pattern--8e1355dc-b36f-5f0f-853f-ac92f084ed5a,T1036.006
attack-pattern--e9ffbb9b-cbd0-5b04-878a-103dd94e5ac2,T1036.006
attack-pattern--68c87706-f7b4-5f3d-9bd6-a627f7d5593f,T1547
attack-pattern--e88d12ba-d22f-527b-986c-9613e348fa71,T1176
attack-pattern--53c59f8b-ce5b-5974-a2eb-706ffb49c8cf,T1027.001
attack-pattern--10ba5cbe-6ce8-516c-a586-1cab3594655a,T1547.004
attack-pattern--f11688b8-2f23-53f8-a6ac-2c10bd9baec3,T1546.008
attack-pattern--55189b76-0596-5e1c-88be-660a2b216f6b,T1542.003
attack-pattern--e2d1dbdf-8183-5cbe-a590-3eddf84d33da,T1546.001
attack-pattern--38476fa6-c69c-5cd2-9086-49eb405c239a,T1543
attack-pattern--8f8475ce-f210-5792-a499-c4ba98a67fdb,T1543
attack-pattern--961cab67-d178-5164-952d-570d11711d89,T1574.002
attack-pattern--06c8de34-18f1-5aeb-975f-7693703241ca,T1574.008
attack-pattern--defe8c5f-1f14-579e-a669-214b7dc1b5a2,T1134.001
attack-pattern--84b03ec4-cb51-53a5-bba5-6e4658d70f20,T1574.009
attack-pattern--c2ed8326-65e1-55b4-8bb3-2ac17f6afb1a,T1547.009
attack-pattern--e636f3d2-f32c-55b5-ab9f-efef7d6b6566,T1548
attack-pattern--24687b42-6883-5d34-9e37-b429dd7d10ff,T1195.001
attack-pattern--3978f405-ba44-5fcd-b5c3-e40b66abd512,T1195.002
attack-pattern--5892e4de-f0b7-502c-875b-53bba003e12b,T1195.002
attack-pattern--4d47eb87-08d0-5aec-8a7d-97df835ae3af,T1195.001
attack-pattern--ba3d72a9-7c21-5087-bb03-9a9ef3e4bf1a,T1195.003
attack-pattern--340d8368-af64-5f9e-8cde-c271b959a187,T1195.003
attack-pattern--2ab82a33-245f-518e-935a-114518f30e65,T1195.003
attack-pattern--4de3203a-a724-5271-a237-aeaca19b7e5b,T1542.001
attack-pattern--0515d3c6-fbb0-591e-abc1-9f01931c91ed,T1195.003
attack-pattern--14be23c8-061c-5eaa-86db-79529157bfb9,T1195.003
attack-pattern--5c654ab9-6a78-50f1-9ef9-43980bae2e5e,T1195
attack-pattern--3e677f9a-90b9-546f-8575-113147b8ace2,T1195.001
attack-pattern--39c6ca95-767a-5393-8199-cabcbdb82e6e,T1195.003
attack-pattern--69cab9d3-0f2c-5e8a-8753-47990dcc7016,T1195.001
attack-pattern--7b7105b7-32c4-54f7-bc42-59c491913ad5,T1553.002
attack-pattern--4872017b-bb59-5082-ab28-94e6f1017602,T1195.003
attack-pattern--19925e85-f00f-540c-ae03-f755cc30f9cc,T1195.003
attack-pattern--ae1412ee-8b2c-532c-8bdb-2c904ec1fc83,T1531
attack-pattern--cb6df9d8-0d0b-5588-ae98-08cec4046c1e,T1111
attack-pattern--a63a18c4-5d1e-55f0-9905-ae022e4e2589,T1134
attack-pattern--e8b2ca1f-9a0a-5518-ad13-3f970bb7e66a,T1584.002
attack-pattern--442ccab4-0ddd-5a79-9a34-500399f414b9,T1072
attack-pattern--248eef58-d0cb-52f2-9203-3bad0919d485,T1056
attack-pattern--66c89c79-7a04-5ba8-9e8e-cd21c420331c,T1083
attack-pattern--8611bacd-bc61-5279-975a-9123674987f1,T1005
attack-pattern--221ec0d7-005c-5ee6-85fc-1bf80c7b6cbc,T1513
attack-pattern--6d9d2e71-0e92-5549-993b-f39ccca0fb02,T1052
attack-pattern--08486b3f-e738-57ad-8524-51231dee52d1,T1115
attack-pattern--ba8e1d1c-c65e-5de1-a687-b7e150fcffb3,T1083
attack-pattern--6ee446b8-971b-5b24-8f1c-35cc2bdcbb50,T1110
attack-pattern--19bd4870-fae8-5c39-a7f9-ca5e7dcfe51d,T1552.004
attack-pattern--30a12926-ba9e-54ee-9223-e2f9ebf08f7a,T1553.004
attack-pattern--c6694d39-7e27-574e-9eff-ef46576e100d,T1552.004
attack-pattern--278f3e4e-7755-5c58-a63e-3e9dccaa680f,T1124
attack-pattern--c3e4a15d-10af-5526-90c4-2b29f51f3ed4,T1110.002
attack-pattern--d1a9e4cf-dbbf-5013-8cfa-164c3d3c8021,T1110.003
attack-pattern--66cf5b50-0657-5467-8bb3-ecf68b5dfbb1,T1542.002
attack-pattern--c4567fd3-eafb-564b-8fc8-361aae529d0a,T1027.009
attack-pattern--dd16d86c-f317-5461-806f-9e5a322eb18f,T1056
attack-pattern--ba129ff8-2e26-5218-8c8e-96d3c81fc66c,T1558.003
attack-pattern--610975b6-05ab-53c1-933a-84f2ebdde7e5,T1550.003
attack-pattern--19289fd3-9f1c-5ace-bad3-d188d42c4325,T1552.001
attack-pattern--aaa87c6a-2528-5688-804c-494338f12497,T1055.003
attack-pattern--31a5ba8b-3e39-574c-8c6c-6e70a2e39fdd,T1546.004
attack-pattern--60ec80f2-a486-5ed5-98ce-c5ae671180c3,T0889
attack-pattern--084523cb-acc2-59a4-b381-a281c3cf1663,T0892
attack-pattern--9a13279f-ce7c-5dc7-a649-129f1d1a6c46,T0883
attack-pattern--100e5965-e164-5c2e-994b-b1bf7709ed6b,T0893
attack-pattern--682b948f-534f-5cff-b289-e06272364b3b,T0839
attack-pattern--2edda949-ab6e-5624-8818-a02c6cde81d2,T0867
attack-pattern--fc6e20be-40b1-5968-b752-9a3479c03d6b,T1049
attack-pattern--c9eba5a4-1c5a-5109-b731-eef0597c6aa5,T0873
attack-pattern--eb53fb71-a4a9-5166-8987-dc95d7545b06,T0885
attack-pattern--41d183a5-33ff-56fb-87a8-2d6c5e115370,T0838
attack-pattern--a5bc8725-01fa-55eb-a5bb-c3e5627ed825,T0813
attack-pattern--b6e089dd-0b10-5c03-a05f-b367faba981e,T0886
attack-pattern--9dc7993e-e6aa-57f0-9512-9920641d5003,T0824
attack-pattern--4b40143d-e728-5bc4-9dd1-a25a5302a346,T0833
attack-pattern--1d25364a-bc1d-5df5-aaec-0f05621667d0,T0869
attack-pattern--94a382a3-6b53-585e-99f5-0eda473050ab,T0884
attack-pattern--14ea4f30-292c-5406-80c0-1c0b0931c1fb,T0818
attack-pattern--0b733645-950f-544d-98bd-8a6faea31dbd,T0846
attack-pattern--87c74620-5893-510e-ba58-acf50b0608aa,T0847
attack-pattern--8701c1e1-7cff-5a97-8ba2-5658b83bacd8,T0859
attack-pattern--4785abd2-807c-5eb7-803c-6e5e813297fd,T0890
attack-pattern--9aefc6cf-8eee-5c86-b7c0-49d4ff9d4ef7,T0891
attack-pattern--ec1c658e-6de8-5b93-b7d4-20378456c941,T0852
attack-pattern--f1a3821f-441d-5407-bae5-9d542a9d500b,T0843
attack-pattern--04bbb179-15b9-5d06-ac08-e0567318d146,T0849
attack-pattern--bfaeb712-dac7-50cf-906c-b800ab4c8f99,T0857
attack-pattern--d2b3d401-9fbe-55b5-afe1-4f263857f936,T0882
attack-pattern--ba7ef8b3-dae9-5edb-b693-d5655dfc61fe,T0826
attack-pattern--c65e7283-b115-5e0b-8ea6-1d8290b73e1c,T0834
attack-pattern--8db4a090-d4a6-5d73-ae21-1a533e937a11,T0848
attack-pattern--3610a678-67e5-5869-842d-fc78ed3a55f9,T0844
attack-pattern--41ed9ab9-f6be-5165-b011-64cdd4d16fa8,T0823
attack-pattern--1713231f-a30d-5d59-8a3f-3a07f24f9f17,T0874
attack-pattern--c900e950-b23d-5a34-8257-5f2467a7ce14,T0808
attack-pattern--473eb1aa-b723-523b-894c-ba8f80a640cf,T0827
attack-pattern--e8ae9521-395e-5b6e-8579-fe59a8663d1c,T0875
attack-pattern--6a1b0642-6b77-5c0e-a08a-8ceeda2f69c8,T0820
attack-pattern--8515302d-3a5b-55ef-8eba-d7219227f3e6,T0830
attack-pattern--c48ce314-50b6-5163-860d-4c4f7e681b62,T0870
attack-pattern--f11a318b-a337-5f8d-a057-beda819e377e,T0806
attack-pattern--9fbb1ccc-0597-5707-9370-40566b5f20c2,T0812
attack-pattern--1ee603ea-247c-5ce0-9252-7445bf3811a3,T0822
attack-pattern--723d75b9-a8bd-5d34-b56c-ac5f06905eeb,T0866
attack-pattern--0986f7a9-642b-5783-a419-5347572eb352,T0879
attack-pattern--d9d662d6-d1cf-5d2a-b911-d9ee37f80100,T0856
attack-pattern--808632e8-e500-53d7-a8f9-76081838905c,T0817
attack-pattern--e952e4f9-8b5a-564b-9fb3-c27a6187a2d5,T0895
attack-pattern--b0107201-700f-5c25-8556-bdb414dcb81c,T0825
attack-pattern--8462aac9-e0f4-52b3-982d-b5be7c363709,T0828
attack-pattern--9cd80544-2c93-500b-baa0-8b6b9f46872b,T0865
attack-pattern--868f250a-acbc-5905-b78f-15c8f424da1e,T0880
attack-pattern--c527db88-a4a3-5703-86c0-846bc01c73f3,T0854
attack-pattern--6bb63ec5-37a8-5271-93cc-3e90c0bfa98c,T0862
attack-pattern--3e32e854-4aec-515c-946e-15e6f7fb05d4,T0871
attack-pattern--f1b86025-e9fc-59c0-86f4-ac223f431751,T0815
attack-pattern--1a0331ea-f707-5514-8d0d-ee726ddfbb4b,T0877
attack-pattern--709af410-3cc6-5c4b-af93-798bc2104dc4,T0872
attack-pattern--4d1d6097-6faa-5d1a-a54f-e4790472a3f0,T0810
attack-pattern--0986c974-6be9-544f-a63f-a82918ca50cb,T0832
attack-pattern--ddf66f88-1f02-5ca4-a031-bd8d3a77369e,T0841
attack-pattern--1471827b-64b7-56cb-bea9-b52b308b360b,T0855
attack-pattern--5afbc2bf-e8f3-5e5b-94ca-3d5d2bc15108,T0804
attack-pattern--7ee9c249-d056-513f-9afb-ac795a380dec,T0809
attack-pattern--9f8a5d70-7fe5-57f9-a69d-3a85785b8dce,T0851
attack-pattern--cd5b1b2e-eb5a-5e36-97b0-e8911d25fbea,T0802
attack-pattern--76e9f649-bb09-51b5-81cb-6f60a2199187,T0842
attack-pattern--d0679226-7753-5e51-b123-335c2e13a210,T0864
attack-pattern--ed04a4bd-956f-5cb1-aed6-184eae89ffab,T0835
attack-pattern--19c85788-a00f-5ffc-ac03-277245ef08c1,T0811
attack-pattern--4f67719a-0905-5cda-a452-35246904b09a,T0819
attack-pattern--e9f36c12-bcc4-5f1d-9c48-10aa5f5774fd,T0845
attack-pattern--e2ca7c22-b272-58a3-a542-57df751aecfa,T0868
attack-pattern--f0db433f-74a1-51be-9360-569d6ac6ac1d,T0888
attack-pattern--d74e855c-dfd2-5fbe-8e61-4514e67c0b91,T0853
attack-pattern--825aea7c-3277-5f26-9607-37616c4030b0,T0801
attack-pattern--b155ea65-ca81-552f-856a-1a4894d43dcb,T0837
attack-pattern--678b25db-703f-59de-973f-7dd84ed00339,T0860
attack-pattern--3f21ced8-acc0-5349-a0ad-b1b4986041e1,T0858
attack-pattern--a337d103-4117-5a0d-961f-e7420045240f,T0878
attack-pattern--34367a6c-2786-5150-a5fa-527d9b4f46f1,T0863
attack-pattern--6fc70069-0c1d-5fda-8c5c-bbf1dd86ccbd,T0861
attack-pattern--5fc07a2f-92a9-547e-8e57-d8c6b13c7e04,T0816
attack-pattern--c165a2bf-2504-569a-a8a3-114fde757fe7,T0807
attack-pattern--0a316790-4e72-5790-b91b-fea421b52521,T0850
attack-pattern--8fa12f20-0197-5442-87dc-768c7f31b0e8,T0894
attack-pattern--20485b16-6dd1-5e45-94ce-6ce54769719e,T0814
attack-pattern--65a07e93-cb9d-5ebb-b87e-b25f31a81779,T0805
attack-pattern--0040f898-6262-5e32-acb0-cb333e59887f,T0831
attack-pattern--49f0d2f3-ab4c-5a58-ba6d-6345c9ccfd69,T0887
attack-pattern--9b5872f7-40b2-5e68-85f1-a4015ca376d2,T0829
attack-pattern--70290662-d39a-54e7-9dca-95ff5048083b,T0800
attack-pattern--d36aa87a-93ae-5ad5-864d-2d775e624883,T0821
attack-pattern--8aa8a005-5e42-5943-8a54-2b68c209d8bd,T0881
attack-pattern--2f6ecf9f-2743-5768-aa8c-c32607ae976e,T0836
attack-pattern--5ddb7b74-6979-52ae-b21f-48c0fa54a373,T0803
attack-pattern--c832a840-becf-5f17-a46a-49dfbb0358e9,T1456
attack-pattern--52d1d6e0-eb41-57dc-bddd-5cf48d5cec4f,T1449
attack-pattern--2409b34a-f72f-5e3c-b202-fdfa8e6ffec4,T1637.001
attack-pattern--1000bd4a-df2e-552a-82a9-8159980e1366,T1632.001
attack-pattern--23653106-59e5-522a-a370-b5f5b5a75110,T1628
attack-pattern--02bac53b-c7dc-5e51-b123-04e24ba59bcf,T1655
attack-pattern--a9f2cae4-a3a0-5921-b24b-2f7ebc34b57b,T1406.001
attack-pattern--8540421b-31df-59c0-8c62-603057b650c0,T1628.001
attack-pattern--5f518cc5-ea42-5781-8fb9-6bf046af32d0,T1405
attack-pattern--333651d3-8f10-56bc-8aac-7c8a55546d70,T1399
attack-pattern--af5dee46-3929-52cc-8cdd-48dae69dfa67,T1521
attack-pattern--785f207a-5e47-553d-8680-77788b9fa913,T1642
attack-pattern--19ef61ea-e02c-5830-80c8-95ff93dcfe8d,T1644
attack-pattern--a8cd225f-35ab-5c12-9d6d-c2fd336fab3e,T1628.003
attack-pattern--56d36400-1996-5a7b-bf6d-de87783112f4,T1627.001
attack-pattern--b9279176-3a34-549d-9178-54429d2bbc1d,T1426
attack-pattern--eecdb972-4eed-5133-b3f6-c8408e2b7fe3,T1532
attack-pattern--f63ec2d4-0694-5ecd-93e0-f61dacc695ad,T1640
attack-pattern--5869c2a3-bf0f-578a-8a69-c7333640382c,T1461
attack-pattern--1fca89df-0884-53ea-b445-abf21547979d,T1533
attack-pattern--b8a9d14b-452a-5237-b36e-f35c2565a504,T1636.003
attack-pattern--ee5ab35a-cc49-5971-a607-709c85c901cb,T1475
attack-pattern--547020dc-98c6-5653-b15a-18ca125f9cc0,T1521.003
attack-pattern--d5f90525-dbdb-579d-80a2-ca5df87bdc84,T1660
attack-pattern--eed0c1ec-35c4-5440-aa49-e1f7223410a3,T1421
attack-pattern--1d746e65-e0e2-581d-80b9-a8e997f5f9ac,T1629.001
attack-pattern--dc8c3cce-a1c5-5a77-bc52-d85a05ce9d63,T1471
attack-pattern--d8e60db6-9d4c-5b90-8b78-7dbb9860dbca,T1481.003
attack-pattern--c9ae1ee6-15a3-5521-bfe0-49d04deb96f0,T1422
attack-pattern--a54f4789-e304-503b-8b5c-39c22ca5f55a,T1512
attack-pattern--3acd3747-7bc7-54d2-9e20-bb74c741d852,T1464
attack-pattern--db371885-2385-5730-a6e1-d467c436095a,T1624
attack-pattern--27429322-bcba-5f6f-b5d6-e8ebdcb64c99,T1577
attack-pattern--1745b742-2691-567c-993f-5860f5105cc5,T1516
attack-pattern--daf57123-1485-5342-9ded-552d6912d707,T1406
attack-pattern--181bc122-d784-52e8-be9c-f5159e7e903c,T1420
attack-pattern--3f9d8347-9e02-519d-ae14-d7f35327d392,T1634
attack-pattern--c6f90e9d-7f55-5c2b-ad27-478ae93fc42a,T1617
attack-pattern--8e0c893e-c6b6-5bd8-9463-6c6ebb24129d,T1625.001
attack-pattern--2550fd40-a3ee-5883-9595-4e6b461759fb,T1474.002
attack-pattern--b95b258b-4162-5aea-bb71-2dec244a0903,T1481
attack-pattern--6ea75df2-79e2-53ea-8a42-391e568f640f,T1636.004
attack-pattern--07ce46e7-82c4-5665-919e-05bd4a2a49cf,T1414
attack-pattern--a14f0841-a20c-5044-9c7a-264a4a9e50a7,T1641
attack-pattern--6a461082-118b-5892-a72a-5a427f38d2bd,T1422.002
attack-pattern--dfe3e7ce-3fb8-5da2-b9e3-754b545f4814,T1521.001
attack-pattern--308412e6-6b50-546c-9406-58003deb761e,T1582
attack-pattern--92f13bb5-747a-5ede-acda-49e93dfbd1ae,T1631
attack-pattern--8aa8590f-4ee5-5bef-b44c-356d952dc5d1,T1629.002
attack-pattern--cda87ed7-0b50-5367-9472-d8853c033210,T1417.001
attack-pattern--171caf9e-13d0-5bab-a75b-9fe760ea0c6d,T1630.002
attack-pattern--de6aeb31-6409-5514-be84-cccdfc46745c,T1444
attack-pattern--89bc8365-6ad8-50c9-9552-1a43518fadf8,T1630.003
attack-pattern--dca70382-3595-5bc4-83c8-4fe74d289111,T1636.001
attack-pattern--d0c49468-c6e5-59a1-99cd-1196dfeab311,T1643
attack-pattern--20cb5a63-936f-5719-9356-54e61dae2e10,T1451
attack-pattern--d8661a86-705b-50fd-8a27-f312a4c73f23,T1417
attack-pattern--ec2c0d05-8471-5fbf-8fa8-8a1182b405aa,T1676
attack-pattern--b30919f9-e47f-5746-97bb-e15d17deee96,T1662
attack-pattern--7a46d867-e6c1-5944-a0bd-e4d27f0163a0,T1427
attack-pattern--6ba9aadf-1966-5d12-9ba3-1c8ca20c41e2,T1430.001
attack-pattern--8965b05f-c3d9-5543-bb53-6d517dfb4fe8,T1626.001
attack-pattern--17d4d32a-5a67-59fa-97dc-38664d0951e1,T1430
attack-pattern--f68b2ccf-cb7c-579c-85de-6dc6ff0c566f,T1474.003
attack-pattern--db371529-f37d-5432-9e98-7224929128f5,T1481.001
attack-pattern--da0ed6a5-7ab5-58a9-be9c-1f67c2a91676,T1481.002
attack-pattern--ba89726c-32c8-57d9-b0ec-adb2ccf74fed,T1509
attack-pattern--98496e48-1e3d-5f19-8f8a-6839c408efe3,T1634.001
attack-pattern--13ac26b4-f7d5-56b1-a0b0-ef514905efe2,T1670
attack-pattern--b8aab237-c330-5db0-a1c3-706e2920c51e,T1403
attack-pattern--8139bff3-8fc4-5e77-b04a-1c7246b8066e,T1632
attack-pattern--2ddf12f3-01fc-5f69-b1f9-2b19d92f13e7,T1474.001
attack-pattern--3d2c7a31-492c-5ebd-983c-663a2bb2be2c,T1635.001
attack-pattern--f3cda877-6d12-5ac5-81ef-19117e471cf7,T1513
attack-pattern--0d09ace7-8a2f-52ea-bcd8-faa4159b22e7,T1641.001
attack-pattern--f3a94f4b-fd87-5ed7-93ee-2556e8ef59b6,T1409
attack-pattern--a3b81ff0-aad6-5961-b98a-3ae2a0a53c40,T1633.001
attack-pattern--05847f21-b815-5c3a-80d2-f4d4956122f8,T1664
attack-pattern--6f39a78f-4f40-5992-bd47-020f016e952f,T1407
attack-pattern--7ef15468-38ec-55e5-a9fd-649e0e246f5a,T1623.001
attack-pattern--a0624493-f4ff-55b2-9965-1ffe1f65539b,T1437
attack-pattern--7a0a9838-3a3b-5cd8-a5c9-c12de263345f,T1625
attack-pattern--e3975f85-b56f-54f6-abf5-66017c5a1d9b,T1458
attack-pattern--53af2dcd-7153-5bb1-9001-abea697dc5f0,T1429
attack-pattern--93c5707f-9c30-55e4-9001-be8218c8b973,T1541
attack-pattern--cdfd9f0f-785b-5653-9070-38a754009d97,T1604
attack-pattern--7060dfe6-fbfc-5d7d-8bb5-a2e3fde74af5,T1469
attack-pattern--22422845-7587-5f02-ba02-5ec8195e0b84,T1658
attack-pattern--00a7cbed-6274-52e9-b1ed-179f6d1d990a,T1476
attack-pattern--7d09db12-0b0a-5748-8b53-ac4f393b0736,T1417.002
attack-pattern--0fb08fd4-fc1c-55aa-afdc-b1e87b5bda92,T1575
attack-pattern--3f67b9b7-70ca-52d3-847f-b3e34d90367f,T1645
attack-pattern--86ac4e28-a4a3-5712-a0b1-7545ab92c92b,T1406.002
attack-pattern--293f599f-cf4c-5988-a616-2716271ccc5f,T1398
attack-pattern--c48814e6-6061-5dab-9d75-544d1a99c2dc,T1627
attack-pattern--81d21ab9-0f87-5f48-8035-02f02b23909e,T1639
attack-pattern--31c9f3d9-9560-56d7-958e-4d5ef58c21f6,T1422.001
attack-pattern--bb6211d4-40ef-5af9-8023-7f93a7347623,T1517
attack-pattern--6d0887e6-a4da-51df-b680-b27896f5344e,T1624.001
attack-pattern--7819612e-eda3-546f-9060-a54f81acbd26,T1616
attack-pattern--c046251a-4fc6-5903-87a0-7fa569e65b0d,T1436
attack-pattern--0a5dd378-eb71-53aa-9a77-bcadddb392ed,T1404
attack-pattern--4e214dec-3c06-5edd-862d-69cf3facfbb3,T1639.001
attack-pattern--a21b338b-ab52-592e-894f-a100f2996a7a,T1636.005
attack-pattern--68bd73a5-cff6-5ed6-aea6-b98c9c28ce0e,T1477
attack-pattern--6a3541fb-59ba-5806-b5f0-880360be491c,T1646
attack-pattern--bba87274-7b98-5f64-bdfd-f4006ea6f438,T1423
attack-pattern--a3c28bdd-1c2e-5c2f-841f-bb6055a1d6bc,T1637
attack-pattern--e15796a6-81fc-55af-a9a1-64605b1c2ded,T1544
attack-pattern--994b3328-27cd-53d5-a4a0-aea5a1c32ec8,T1629.003
attack-pattern--271802ff-0605-5823-8667-369fdf72f26e,T1623
attack-pattern--4b6c97d5-fab7-5f64-b633-fa2b6fadfd99,T1661
attack-pattern--146a2109-5a98-50aa-af07-044e88c60084,T1413
attack-pattern--d1fa2eb5-d8fa-5ba5-ba17-c6ca2331dc87,T1635
attack-pattern--16311cbe-8adc-5bc7-bdcd-3864f86fb96d,T1633
attack-pattern--98831252-7920-55fe-8fe0-6cf9cb7658ef,T1628.002
attack-pattern--381caeaf-923c-5809-854f-2d9f1cc06ea3,T1453
attack-pattern--753c91c3-1b6f-55cf-b466-e1c3f0c5fba3,T1428
attack-pattern--abdb87a4-b47b-5c98-a15f-8c1ea104c298,T1437.001
attack-pattern--36109eca-2628-5cf3-be83-4f9090a9effc,T1474
attack-pattern--b6f83ed7-a331-54b1-be0e-7bb8d57f56a1,T1631.001
attack-pattern--451a0c7a-9eff-5f78-a007-42467d7e41bf,T1629
attack-pattern--5d623d24-ab51-55fb-b78b-360fcae02672,T1418.001
attack-pattern--ab1ce2da-d30a-5705-88c1-627964a6150c,T1636.002
attack-pattern--1fcd1c60-53dd-5331-8f43-369ab0268790,T1424
attack-pattern--04e2f9ce-9eaf-5216-8dd5-e91d97424a31,T1418
attack-pattern--62c4048f-33e8-5cf5-adf3-1116e42514be,T1636
attack-pattern--dbf0b3c7-54e1-5db9-8416-ba14f6e8ee93,T1430.002
attack-pattern--f07270ff-c469-5782-8b47-429ce12a6fee,T1655.001
attack-pattern--c7921387-1192-5354-877c-dd764cddf587,T1630
attack-pattern--281b9ec4-02f4-50ab-a8a7-748cb02b7ff1,T1630.001
attack-pattern--6ca810fc-7771-5946-a576-3159fd973914,T1470
attack-pattern--31b39121-b79d-5e11-8c9d-884ba3ebf37b,T1638
attack-pattern--45e1e9d2-751b-5023-8ad5-d095698848f2,T1663
attack-pattern--d355ec55-8fa9-5a7f-b37e-2b9dfc264fc0,T1626
attack-pattern--b9f964a5-952d-5596-90fd-f989bfb4440d,T1603
attack-pattern--712a86d4-5f11-58fd-bc19-6938da267e4e,T1521.002
attack-pattern--a6b654ce-90ef-5bd3-adfd-58b07a48fb25,T1574.012
attack-pattern--f2e6842d-3078-54da-b2e1-395ba43035d7,T1564.010
attack-pattern--0cba517a-5f58-59a1-b0ee-d4790e5693ab,T1218.014
attack-pattern--a83c1063-56d7-579a-a130-8bb596d4f24c,T1529
attack-pattern--e24307d4-a0f6-571b-8707-63ef33e369ca,T1127
attack-pattern--b633a298-3635-55ee-9d81-8bb843348d8f,T1211
attack-pattern--7f023458-9109-51dd-b575-368354171386,T1669
attack-pattern--009ee72c-b9e9-55f1-bc6e-696ff52574ad,T1574.004
attack-pattern--86a758ee-8126-56fd-beda-18d3e5940bdb,T1078.003
attack-pattern--e659ac49-48af-5025-9816-950538648fdc,T1601.002
attack-pattern--94c37651-a003-55fa-9e2c-09742606038a,T1027.015
attack-pattern--f63ea1fb-0659-5e13-8f0d-ace90d054b03,T1213.005
attack-pattern--c375be4c-daf7-59a7-82e7-d6f42e34fcf1,T1048.003
attack-pattern--f58b1219-c0a0-5faa-8227-faf261ded44b,T1561.001
attack-pattern--ade9a71e-bc24-5735-ae08-db29a9fae948,T1556.004
attack-pattern--0d70ee04-fe9e-527d-9854-488da6206e07,T1505.001
attack-pattern--bcdd7adc-c78a-5550-a6ba-2bb045821db8,T1584.001
attack-pattern--786bdf66-5e93-5d11-bbae-291992b4689e,T1552.007
attack-pattern--cf26744c-f0e9-5f03-b6dd-fdc8b0258a49,T1505.006
attack-pattern--28bb6994-4a47-5273-a144-7914074a57dd,T1043
attack-pattern--a307e9c7-1ad5-5ae0-94d6-6749b57c327f,T1598.001
attack-pattern--6f9c1e5c-baad-5dde-999e-a7cab913284e,T1001.001
attack-pattern--273ded29-e359-5286-bded-94a1492645cf,T1102.001
attack-pattern--5da99cb0-da4c-5b52-8b4d-6d5d4cdc43df,T1216
attack-pattern--e35b938c-66fc-58e6-90e2-e75a875b73b9,T1090.001
attack-pattern--9598ec3a-9b30-51cf-a602-4c555b537472,T1566.003
attack-pattern--f0c4661a-7932-53e9-809b-da75c2ac0c6b,T1056.004
attack-pattern--5edc5abc-9b38-54e9-a827-eae6b6fba985,T1546.007
attack-pattern--53b0e776-31b4-5d44-a2d5-7ee88d4e3330,T1490
attack-pattern--d2b6eab4-2259-5f30-bb4c-6a06a89a62d9,T1495
attack-pattern--0d55be96-df95-5817-bff2-060f5c1d7ed7,T1546.017
attack-pattern--eccc4ab7-cc16-5b00-ac32-5de4017baafe,T1556
attack-pattern--1ba625f3-41f2-57ca-af48-891434cf6b9b,T1588.005
attack-pattern--2aed56ba-eb4d-52ca-91bd-5981978ead34,T1055.001
attack-pattern--2e4170d6-5f9f-53f9-9467-4b3cf9fcb928,T1124
attack-pattern--51986245-5548-51d2-865e-40a613077cd6,T1053.002
attack-pattern--99ae3715-f215-5d99-a4a3-177cbae078e0,T1003.006
attack-pattern--77c9a10d-824f-53e3-9e61-b0bc0b59655d,T1564.004
attack-pattern--7b2c0299-41d2-50b9-aaac-f48b406698cd,T1558.003
attack-pattern--e39b2be0-8ea4-5b0a-b374-451ca46e3d82,T1680
attack-pattern--a3e45176-56ed-5307-bed8-e145334b56d7,T1480.001
attack-pattern--1e0954e3-7b65-5ecf-aebf-d4a99d511348,T1008
attack-pattern--c7a1ef6e-0cb5-51b1-978b-92a8fb4db3c4,T1078.004
attack-pattern--418d3c2b-132e-57c8-882c-a38fd7771578,T1550.001
attack-pattern--e4411b3f-2080-5614-b8b8-b3c7b22d6c22,T1547.008
attack-pattern--eeaf6a2f-804e-5891-a362-d8723930c65b,T1569.002
attack-pattern--0ab25dbb-f634-5f54-864f-b4875a813ad8,T1204.001
attack-pattern--d0db7775-9875-57bf-ade9-9442f088647e,T1001.002
attack-pattern--4f110040-b008-506b-bd73-4e3128d81114,T1602.001
attack-pattern--0c8ce4ba-a844-55ed-a9d6-39ab31eba475,T1587
attack-pattern--23758dd8-fd6b-5b30-ba26-2ed8920c99ec,T1003.003
attack-pattern--386e199c-4b80-5198-a505-2ab9e5756704,T1137.002
attack-pattern--73aee080-23d9-5806-8c5e-c6fb8682e3f5,T1578.001
attack-pattern--7314e52c-e6e5-5185-8a07-a27596e6bc72,T1591.001
attack-pattern--2af822d8-e941-580a-8458-f6a23e294267,T1564.001
attack-pattern--d97ee9af-fa54-55e7-8b9d-6ef3bd49d455,T1596.005
attack-pattern--6355454c-378d-5075-8187-e7f089a5364e,T1484
attack-pattern--745fc314-20fc-5b02-a220-d7310a1aa51e,T1220
attack-pattern--f2109544-22b3-50ca-8a68-21d0827b7106,T1665
attack-pattern--1fd7d7d7-fd3e-5bea-b955-432dafae81e8,T1055.015
attack-pattern--e2b7da42-c6f6-5209-a75d-f170fb368885,T1037.001
attack-pattern--7b00e985-e495-509f-a4c0-9fb8f8532ebc,T1027.007
attack-pattern--ed02767e-5dea-5e33-8746-419d6df7db61,T1021.001
attack-pattern--6f6a223d-a2fd-5336-b4ec-4d46bce8c162,T1653
attack-pattern--971ed380-c1f1-5ceb-a109-abfffd70e731,T1648
attack-pattern--291407df-ad1d-5843-9a61-820033a4aaa2,T1055.008
attack-pattern--73897178-85d3-5a39-a524-fd32d88bb292,T1548.006
attack-pattern--db0a4285-dd9f-50eb-bf89-8538a52f11aa,T1588.003
attack-pattern--a9d6c0d7-5c4e-57ac-9e98-43bd110124c8,T1216.002
attack-pattern--2bf42669-5c21-5b32-aa8e-1996ba1e9508,T1098.002
attack-pattern--95c84171-8095-52c9-a333-32c58f2e049f,T1105
attack-pattern--2c06da5f-b452-5971-a52f-b150975bee11,T1052
attack-pattern--ae43b49e-038c-5e92-83b1-9afd6a9c4e78,T1608.006
attack-pattern--b9dc63dd-cb13-51bc-a508-b511932b3f49,T1550.002
attack-pattern--615a75fc-8117-575e-8470-1dbd9cc9657f,T1547.007
attack-pattern--dd6d1e05-b47a-5bb9-8e93-8980c1b65845,T1622
attack-pattern--e36ebeb2-dfdc-5e42-afdd-6ca0456eca4d,T1036.006
attack-pattern--d1656ab4-9e78-515f-a72a-efe92286cefe,T1055.005
attack-pattern--ee1420a4-5779-5aff-bcb0-0d3d1700d4b7,T1538
attack-pattern--611e6c9f-31e7-58df-930a-c422641e706c,T1518
attack-pattern--360efe1a-349b-5605-9f10-f667ed551926,T1590.001
attack-pattern--ac16fadd-c0cd-5cca-a81d-e877cd43c4e9,T1046
attack-pattern--76a389ac-1746-5f7f-a290-38f84e7d90e0,T1018
attack-pattern--fda27ac8-71cd-50d1-8135-567588ebff15,T1204.004
attack-pattern--78a30d6c-d1a1-52f6-9e2f-f71857bf73cb,T1672
attack-pattern--d783ac21-d158-54d4-805c-bb5e78e11dc5,T1526
attack-pattern--2e189afe-11a1-5c77-90b8-15dfa80270dd,T1584.004
attack-pattern--59df3d3b-91e6-585c-8392-6005f8d44c8d,T1547.013
attack-pattern--b6bcce24-4f9a-5397-bd27-131305f7490b,T1136
attack-pattern--20cff248-3533-55f7-9c44-dd3008960113,T1668
attack-pattern--6a9ebc0d-3d47-500b-891c-b90e1cb54bf0,T1543.002
attack-pattern--e4152bbd-0f86-56a1-9ab4-ffaa01b973c9,T1563.002
attack-pattern--b5a94bc0-52f8-57a0-8189-ae7627be02a8,T1564.005
attack-pattern--bff437b6-e52c-5dab-8f04-b68b0f6f0d0c,T1059.005
attack-pattern--53ad4a19-cc4b-5a4d-9ba7-c1a1af4b1751,T1071.001
attack-pattern--38e7b990-d16a-5bef-90cd-1c84b8b09531,T1584.007
attack-pattern--5fe9fbfc-2bae-58d5-8f15-cead31f8cc54,T1111
attack-pattern--e94ce9a9-0322-5a6f-afbb-e33e4f51eb5c,T1027.002
attack-pattern--a2f668ee-4c30-53f8-b73e-89986792252a,T1134
attack-pattern--97dc609c-ad55-5477-baa1-03337ec8715a,T1221
attack-pattern--0fa4167f-3702-5ff1-afe9-6bbd385feb2e,T1037.004
attack-pattern--e8d16d3e-a3b1-5105-ad90-b527a6963d88,T1546.016
attack-pattern--8d9116d5-4681-57a3-a3e5-dd3553d01507,T1595.001
attack-pattern--e0e8ded8-15a5-55ef-99b2-607fbbf42ae1,T1651
attack-pattern--8cede6c0-577a-5ce5-9885-e03032faae92,T1027.010
attack-pattern--1d964c46-e9f0-50df-928f-39862cfb9ef8,T1498
attack-pattern--cd9eb364-5d0d-529d-8668-44c2569e6bf4,T1189
attack-pattern--1f31e883-1cbc-5154-956a-d204a1eb92e1,T1070.004
attack-pattern--41a71d29-d525-5fd4-aa1b-e729d33759a1,T1537
attack-pattern--5c7cd4c4-9fc9-5da2-a80a-c0355fb29989,T1556.005
attack-pattern--9baa30cd-e4b6-5296-8d1a-b6ed46f01bbf,T1027.006
attack-pattern--daed0e03-6a2c-5b34-a6fb-ccf28ecccc58,T1132.002
attack-pattern--dbdcad86-f4b6-5803-a22c-78e9f7d401b3,T1556.001
attack-pattern--b20065ad-29a8-528d-b9ed-f537dafb24f3,T1485
attack-pattern--6bfe813a-c6d8-5d2b-82de-9625070a39bc,T1219.002
attack-pattern--6c7d7d10-791d-5620-80fd-ed766b3bea56,T1505
attack-pattern--3c43d7ba-d813-58b5-8bc2-b04d3e4c83d7,T1555.004
attack-pattern--33593eaf-528e-5908-90a4-e5a302ec9d87,T1200
attack-pattern--864152c2-9db8-5491-820d-400d06a4e20b,T1036.010
attack-pattern--c2cbdf3f-10b9-5811-83c3-886230b3c220,T1059.012
attack-pattern--0dc26ffd-c2e5-5623-8284-7cfc29f9d575,T1213
attack-pattern--46cf3808-73ff-5311-9e82-6eb3821a8ea7,T1070.009
attack-pattern--f9604094-041b-5926-8883-6b9190554614,T1601.001
attack-pattern--74012b3e-4a15-5b05-8dba-3c863aae6ada,T1558.002
attack-pattern--3da2c338-f2e8-5e73-9e04-d4d981a8ea3b,T1650
attack-pattern--e923f411-19da-5778-815d-8f68eb17dab3,T1055.009
attack-pattern--822124c8-d575-5123-862c-c55cc594d777,T1543.001
attack-pattern--6f03e11f-0a4d-5938-abb7-5031a5a279cf,T1059.003
attack-pattern--9675c42e-1fe3-50da-a185-10f7c669b6f7,T1003.008
attack-pattern--8fb63426-af25-570f-b3b6-db566e257461,T1569
attack-pattern--6b995893-531b-53f0-ad1d-0ffd74b7f286,T1565.002
attack-pattern--d3c3a438-40d4-5f2a-95e1-305a570ce843,T1555.006
attack-pattern--71a2cfd6-e8c9-5c7a-b39e-4945507030c7,T1213.003
attack-pattern--841dfce9-c6f0-59d1-8fbf-88d3ecc5dcd1,T1578.002
attack-pattern--70861372-d9c9-5e68-afb8-e104fdcc41a0,T1556.009
attack-pattern--5e3a8a0c-9995-5532-8870-08254fd016ef,T1546.002
attack-pattern--ea3ef2d5-f41e-59f0-abc2-63ab8d66cf95,T1588
attack-pattern--c3eca76e-5c7c-5520-bc6e-4a7c8db80d45,T1598
attack-pattern--05bdfbeb-6b55-5ec9-8e54-ed13fe74d414,T1585
attack-pattern--d55817c0-a411-51a1-bf13-662c33b4b903,T1546.010
attack-pattern--7f32230b-d4ac-502c-a37c-e85b6aa6664d,T1496
attack-pattern--638df612-62e0-5dbf-9858-203362a713ba,T1132
attack-pattern--b120548f-7b51-52b2-8cd2-4d3a4bdead90,T1591.004
attack-pattern--b929572c-a5f0-5555-a9c3-c8b15a03a357,T1070.010
attack-pattern--da0a83e4-6dbe-5470-9d79-e4d72d769c58,T1564.003
attack-pattern--789eaa1f-0411-5852-95b3-8f02a294248b,T1127.002
attack-pattern--3924f8c3-80b8-59ec-8363-c372181ec4b4,T1059.006
attack-pattern--e9f04cf4-557e-5696-942f-16d4565340d8,T1562.008
attack-pattern--21a5b9ae-fefb-5537-8775-080b43c422b8,T1518.001
attack-pattern--3bd83c8d-3288-5c12-a695-33545cd0a2f4,T1557.002
attack-pattern--5702dff3-44c7-5773-ae5f-c31916b790c2,T1090.004
attack-pattern--562f5fad-3c6f-5e94-8d51-537671c24589,T1578.005
attack-pattern--32f554d8-7ac9-5bac-a5ff-e2085d1d75fc,T1197
attack-pattern--94032155-389a-51fc-ad6d-8c1d9f0edd67,T1656
attack-pattern--d682e7df-ccbd-52f1-a7ba-9612238b2f67,T1127.001
attack-pattern--0e1e8aa1-08bb-594c-8200-24c9eee16f56,T1564.007
attack-pattern--3f67cfef-5372-5634-a3f4-6154d3c14270,T1614
attack-pattern--c2d88bc1-da1a-5597-862f-39c338047a21,T1499
attack-pattern--72ffe6c8-44c1-503e-ade3-5c366b740034,T1027.004
attack-pattern--f1f8375b-dc6b-5020-9ec6-6bca9cea3d9e,T1037.003
attack-pattern--06122e32-1428-5f85-a872-ec8edbf4bb2f,T1553.004
attack-pattern--dd0b74c3-3921-5bab-9fc8-8f8594897257,T1034
attack-pattern--e6411139-6266-562e-ac9c-d027cc317fcd,T1546.018
attack-pattern--2c7b1e19-90cb-5b66-83a0-4f84cfcf8edf,T1218.009
attack-pattern--308fc88a-483e-54ae-af79-22590b704573,T1078.002
attack-pattern--f984b2f9-d2c7-50e2-b65f-ea6b2dddee2e,T1550.004
attack-pattern--133a2e9a-d351-5598-8d21-89a69d93da44,T1030
attack-pattern--2769b79a-846f-5609-ae3d-81c18285f00b,T1012
attack-pattern--0e887a73-579b-5d4a-b368-84da4caf3496,T1671
attack-pattern--8a2aa4d7-25c3-5e88-bba7-b044170d053c,T1584.002
attack-pattern--5e00287a-85e0-5f81-bea3-5f59ecfa6595,T1001.003
attack-pattern--48318ab3-4dd2-58cd-8dec-33da99edc1f4,T1027.003
attack-pattern--b3cb1bf3-2591-5061-a994-233d28b18d11,T1059.013
attack-pattern--9c64897c-8026-562d-ac7e-7ac84532975f,T1095
attack-pattern--1ac0fdb8-c923-5042-ab7b-9fb11962c2c9,T1614.001
attack-pattern--7793fc61-0851-54fb-befc-35f40b0ab6e2,T1037.005
attack-pattern--c796682a-bdb5-5c73-8fe8-24068d6e32d4,T1574.009
attack-pattern--126d5008-65c1-597a-961a-d0449e6b2e55,T1608.003
attack-pattern--318f9eb4-795d-5b4a-a3dc-7d34c4ecd709,T1570
attack-pattern--6ce0d32d-dedb-5992-b7fe-3e873a547424,T1137.004
attack-pattern--8d8ce1ff-70fb-5ca5-8e15-7ec71477190e,T1567.002
attack-pattern--63fc88f1-fc69-545f-9a70-0fe5b5cc0447,T1573.002
attack-pattern--d3e79a49-3ae3-5bbb-a6ed-6600c8a95e3f,T1667
attack-pattern--8892c575-4624-554c-a389-690cac7ca7a1,T1595.003
attack-pattern--37a8c3da-d39c-5a85-aada-460241ed1136,T1562.011
attack-pattern--fb30154d-cf94-5571-b52d-9533a44c9159,T1203
attack-pattern--1d476e7f-e23d-5682-815b-e559a4885055,T1036.003
attack-pattern--c56c5b6d-b6c0-544e-8f91-1e35ec056ad1,T1102.002
attack-pattern--ac3319dd-bc49-50b8-91ef-d6fd7b9e03f9,T1589.001
attack-pattern--97304314-f203-5696-ad6c-d5ff0a6c2957,T1195.002
attack-pattern--f96d8376-68a8-52db-b8c5-ae33f13e57fa,T1546.015
attack-pattern--60fd78e9-825c-5f26-9efb-2418e367c170,T1213.004
attack-pattern--fb3c3aa1-300c-5e5b-b43d-6f85ed6b57ec,T1587.004
attack-pattern--ca97ef77-3edc-5275-855e-20abe67ba64d,T1593.001
attack-pattern--db9026a7-7d84-514b-8e9b-35c19f647d89,T1566.004
attack-pattern--fbb314e2-99f0-5259-a541-f775990fe9c4,T1592.002
attack-pattern--2231c569-b57d-551c-9048-11a1b67f0a81,T1056
attack-pattern--96413f24-d6dc-5e82-a125-88edd172ba2c,T1567.003
attack-pattern--369af6e3-da78-5c6c-854d-5a289cbc2a46,T1218.010
attack-pattern--d147ce54-68ea-5713-845d-de99a4bdbe7a,T1547.002
attack-pattern--35b67e9d-3717-55b2-9d27-5c29261bb087,T1573
attack-pattern--bdad54e8-5513-5062-a1ff-995e7a8e2aa8,T1592.003
attack-pattern--6e5c711b-18d7-55d8-bcb8-a46cb49bd7d3,T1486
attack-pattern--7f54cb32-4f7c-5c6b-8645-90077f7c88d7,T1548.004
attack-pattern--6bd77f85-7bda-5181-89ad-daf92069486d,T1553
attack-pattern--c44ebf13-7124-5298-b726-be927545dfd2,T1599
attack-pattern--c5295bef-cded-53b3-80f2-fbd32fd9e211,T1546.004
attack-pattern--0bc9d770-2ab0-533e-9f84-0c6dd6c5e166,T1134.005
attack-pattern--2d9c5889-604b-5025-88b6-52ab12312536,T1187
attack-pattern--b35f8616-aa2e-5770-9dc0-53628a7a9008,T1546
attack-pattern--9267ece7-5b1f-52d9-a456-b9e2ea6b9736,T1201
attack-pattern--7e693bbf-d43d-5381-8e48-3b8dbe6db708,T1564.006
attack-pattern--dab7a40f-6770-562d-a545-e80eb98f7904,T1027.014
attack-pattern--b8b25f3c-502f-5d7f-9c0b-3cf90d0c2528,T1505.004
attack-pattern--8cec97dd-45a4-5932-9028-a0ed04065fa6,T1027
attack-pattern--b3c1db70-ddcd-524e-a44c-0e73e975f991,T1036.001
attack-pattern--57013220-bfcb-5937-8a9a-c4b0a5a4cf8d,T1556.006
attack-pattern--0d8a3fee-aab6-57e0-adae-ed32f016fe94,T1114.002
attack-pattern--b98684a2-f3d0-5ec1-a078-6d4063a1bfed,T1110.004
attack-pattern--a24d97e6-401c-51fc-be24-8f797a35d1f1,T1531
attack-pattern--07025841-f272-5d57-9126-2d5eda3c85b5,T1564.009
attack-pattern--381d4bf2-516f-576f-bbc6-310d772da2ac,T1055.012
attack-pattern--5d2a0e29-a53f-5e67-b604-668b3e1daa7a,T1068
attack-pattern--9bda94f9-7c84-583e-9bd7-966e11ba97dc,T1585.001
attack-pattern--1775f06c-e409-52ac-9c85-45075925f9e0,T1078
attack-pattern--34ff7a06-73c4-51ef-87ba-32b5de370048,T1571
attack-pattern--3d0d6ae0-8aaf-56a8-a12a-c42dad91fcc4,T1543.005
attack-pattern--d3012ea3-1127-5989-97bb-a5b314dae315,T1204.003
attack-pattern--69035417-64c0-567b-99f5-3e792a663d84,T1059.011
attack-pattern--7fb9d09e-f862-5d81-96b6-d10d7858b09e,T1027.005
attack-pattern--9c8bf6f3-371c-5350-9f01-c0a5476d49ad,T1036.012
attack-pattern--8e5098a8-6e57-5678-9512-577498aafb0e,T1574
attack-pattern--8dc97704-ca7e-5876-9ede-58bae190dd32,T1601
attack-pattern--9b280ffd-86bf-52a0-a1e3-cd018044a33b,T1584.006
attack-pattern--dda9cad8-fd58-5908-9c31-f13e4d1afd0d,T1562.001
attack-pattern--9a04e6f1-0a71-5ab0-babf-57c546e0d844,T1039
attack-pattern--66cb21a0-a346-5461-8d76-84c4e0e2fe7e,T1001
attack-pattern--a2f63b17-c529-58f3-9e2e-81b2e321c056,T1559
attack-pattern--642a9f4e-36b5-59fc-b6ea-79758da0a7dd,T1565
attack-pattern--25d29e59-2e5a-5182-92ee-7666e6d2ef0c,T1219.003
attack-pattern--e0c7a790-2017-5c24-855e-4fd95d61ac71,T1137.003
attack-pattern--272bb55a-8f0d-5d73-bb7c-dee9f8d2e586,T1110
attack-pattern--9e920a62-95f1-5349-8c49-3403b8c4f562,T1059.004
attack-pattern--240ce60b-4f70-55f0-86ed-2eaefd1162ef,T1090.003
attack-pattern--72240a64-b5ca-5366-9442-1e0e37d94c24,T1070.005
attack-pattern--f1f02949-0222-5936-9712-1832c5cefe32,T1496.001
attack-pattern--707a4aca-90e9-5e64-95d5-81a470ebc3d4,T1218.001
attack-pattern--51baabe8-15cb-555e-83e2-b1fdf388bbc2,T1566
attack-pattern--f8469cc3-28ed-5924-8fc0-fbaa0f354205,T1542.004
attack-pattern--6ffda1e5-df61-50c2-aa8c-901e136b141c,T1053.006
attack-pattern--a090602e-083d-54c7-a5ab-3dc9528a0ecc,T1061
attack-pattern--f63494e5-ec1e-5f9a-9609-ff8446f5b4f4,T1597
attack-pattern--9bc7761e-f9a2-502a-87d2-62c26ec1fe16,T1574.013
attack-pattern--5ab810de-3b6b-5894-9139-fc99dd8ab96b,T1547.006
attack-pattern--1b34e9a8-4235-50d5-95c0-18f8da075307,T1588.002
attack-pattern--f6b59d85-7404-5955-87d2-bfaabab499e7,T1052.001
attack-pattern--fb9e81b3-04d1-52fa-ac12-2322eb0a0acc,T1056.002
attack-pattern--ee353f28-8096-5f99-8c7b-1407138371a4,T1678
attack-pattern--4545818f-e38f-52ae-ad49-e8f0f91e8afe,T1048
attack-pattern--aac9385f-1fa5-56d4-87f5-ed9a58d56711,T1098
attack-pattern--7d0ac96f-a3ae-52bc-b30e-8949ee661ef1,T1562.013
attack-pattern--419d6494-ef27-569e-9782-a5fa7442c4c7,T1593
attack-pattern--de1e8d47-4229-517c-b04a-5091a86bd816,T1136.003
attack-pattern--1b5b2b3c-7d60-521f-99b4-a6d133b1f623,T1149
attack-pattern--9b6a7254-c261-5da6-933b-b9ecac6e7889,T1069.001
attack-pattern--c7a85d3f-3de3-5e0e-b698-acc5098a5a5e,T1547.001
attack-pattern--d256f685-a9c2-597c-b4dd-29e483a336f6,T1199
attack-pattern--d21ee8af-28b5-5da0-a1de-03e17443a8a7,T1574.010
attack-pattern--58d8d04b-197e-5b46-9872-3100d323d7d2,T1210
attack-pattern--1869ca7b-027e-5cee-b681-6733057db99c,T1534
attack-pattern--e32be205-6254-5350-a301-2b83d6cc3216,T1590
attack-pattern--3b83f436-c1a4-59fb-bed4-6e163b9af1b3,T1212
attack-pattern--cff92102-733a-5f3c-93d9-5517073f67e8,T1546.014
attack-pattern--a3dc4565-7d5a-505b-8d9f-99fbf8631dd1,T1102.003
attack-pattern--0c8adea3-cde1-5960-940a-d7a03661a522,T1071.002
attack-pattern--38fcabba-3d68-55f4-94b3-0aad6e701e03,T1679
attack-pattern--46975234-f6dc-5d4d-b5da-24103addeba4,T1055.014
attack-pattern--8fb1c3cc-b11f-5892-a0b7-692d08c676db,T1026
attack-pattern--5a9d0c10-3eab-5b54-9d30-d9ae590d238b,T1059.001
attack-pattern--844fd70f-ee8b-5e72-82a7-45d2f952112a,T1546.001
attack-pattern--944bcdd0-c9a2-57cb-8641-f5e920ccf6d5,T1552.008
attack-pattern--97d7c015-72d8-5342-afa7-687865021804,T1621
attack-pattern--7d2c4f6f-82ea-5205-8ff7-f2d8e6be36e5,T1554
attack-pattern--5ed4f557-15b7-5a3a-a741-e15ad52107a1,T1606
attack-pattern--1619390b-fc8a-5af7-a7b6-252fa8aded0a,T1134.004
attack-pattern--62ac4eb3-dbf8-5200-bd10-fcb6442d0d67,T1591
attack-pattern--f3d5b5e9-0167-5420-9047-0cb6ec8eafa7,T1072
attack-pattern--fec09a00-d06e-57d9-a14a-16665bf9e81c,T1041
attack-pattern--49f6a5ed-7191-587d-a962-e5d4a7656eec,T1496.004
attack-pattern--004a96aa-5d6b-5ce1-8d93-83fb6442e720,T1585.003
attack-pattern--f32c258a-beb6-5352-901a-06f7c59718bc,T1497.002
attack-pattern--d646a639-6133-5e4b-a71f-1ca3e59eceac,T1546.003
attack-pattern--65219401-dab8-561a-8631-f01d57aa62f8,T1556.008
attack-pattern--6ed41079-e96a-502d-88e8-cb286131074a,T1596.004
attack-pattern--3a606246-4a5d-5b45-b790-78b92617919d,T1053.004
attack-pattern--ff1ba460-a759-5aee-80f5-a243a42193c6,T1562.003
attack-pattern--028ec45b-8b9c-52bb-b031-fd56ec6cb435,T1057
attack-pattern--ecd45603-f9ac-55c4-951f-c713d8e7c6a8,T1087.004
attack-pattern--845c9021-e067-59e1-92e1-c15a93ab2f02,T1552.006
attack-pattern--e86fdc6b-2fa0-51c0-a7d0-b378a5dd390e,T1048.002
attack-pattern--4337b21f-4c0b-5c53-a49a-46cdc9431a3a,T1564.002
attack-pattern--0b317ffd-a98d-531b-9b17-92877426a543,T1134.003
attack-pattern--f604edce-9878-5e6d-977a-0e124d61f91a,T1098.001
attack-pattern--6b540e63-9466-53a3-b7f0-d3f1faa51623,T1491.001
attack-pattern--6dd17881-7fe7-5fc8-862e-cf0a42ae5a32,T1204
attack-pattern--3058a897-edc7-5439-aa5e-3a94b4405f34,T1528
attack-pattern--a92a6d40-494e-5783-a9f6-65a2e25b0b8f,T1598.002
attack-pattern--1a121ce3-ddfd-5f1e-8faf-961343a01926,T1583.006
attack-pattern--667ee12f-2b91-5d47-8d04-b7274ca829fc,T1027.012
attack-pattern--66faf306-dbd6-526e-8cbb-dd3a15c8ba84,T1205.001
attack-pattern--460876e1-e9f5-505e-b0eb-324ab9aafb5a,T1021.007
attack-pattern--84488c7f-7810-5c3c-810c-d5a0dbeb9105,T1134.001
attack-pattern--416d07d4-9ee4-56f0-b5d6-2353fa839e26,T1654
attack-pattern--699cbfd8-96a7-58b5-b6eb-a95cf6aa6ad5,T1567.001
attack-pattern--e84639f1-78d3-5be1-b8d3-8d135e7f8c11,T1657
attack-pattern--148c4b8f-acdf-5d73-b216-8e29a0474995,T1606.001
attack-pattern--ce49cb32-8d05-599d-ac25-806ab8713f31,T1619
attack-pattern--a0aec23b-6f4a-5ba9-893b-09cdfe00f508,T1480
attack-pattern--af44cd5f-e0ee-5916-a664-e63fb8273f87,T1608.005
attack-pattern--ad83b31f-5342-5f58-81d0-589996b2ab28,T1104
attack-pattern--eb75145f-6987-5037-9823-1c49fc9f5ef9,T1547.015
attack-pattern--f251a174-30d6-51db-b641-944adaaff1b8,T1608
attack-pattern--70bd8402-cddc-5526-b2e3-ece2aad87d30,T1218.005
attack-pattern--0580783d-ce95-5874-85f1-a2015ee0c12e,T1568.003
attack-pattern--5c1deea5-94da-515c-ab31-07f7348c993f,T1552.001
attack-pattern--d2e43499-6870-5119-9d41-719175b2b73c,T1102
attack-pattern--9120a312-1024-5208-9d9c-69732e3805fd,T1562.010
attack-pattern--48155de5-7504-5c75-bf72-6e13094b08f2,T1559.003
attack-pattern--1a78a488-b734-58f7-b029-308e143faa2e,T1497
attack-pattern--6397b2db-f0ce-58c4-93f6-e7824c68d3b5,T1552.003
attack-pattern--9ac37bfa-e24f-5b95-8962-9e832cb905e9,T1059.008
attack-pattern--759be2a9-1428-5486-9bcc-ee98f15b6561,T1584.005
attack-pattern--717ce762-150c-5c1a-a880-b6e53b3d21da,T1218.012
attack-pattern--22cce0f1-ec78-5617-958d-b5eb42f6520c,T1569.001
attack-pattern--0b15afc0-6587-56b3-bca8-c8ae16d023d2,T1586
attack-pattern--a9e6e0b9-8907-51a4-b88f-12e31332b763,T1055.002
attack-pattern--29224cf4-bf9d-5f02-95c5-d5b89c466ab8,T1051
attack-pattern--96a0cf71-3ee9-5716-bb8c-58a155905159,T1612
attack-pattern--1de5a2a1-a76d-59db-bc09-60410bca538a,T1064
attack-pattern--24b007bf-8998-5e90-9d11-47925947d79c,T1584
attack-pattern--a60e9d03-3e36-5359-b5a2-5f134c9ea96b,T1542
attack-pattern--1008e693-98c3-519a-aeff-33f9b454f532,T1553.005
attack-pattern--a5c41f18-6a44-504b-a2c6-e2bc26e80c47,T1600.002
attack-pattern--8eaaa415-7447-57f5-9805-d732bde88ec9,T1098.005
attack-pattern--fc3e024a-8a0c-599c-90dc-2ac36b766041,T1049
attack-pattern--fccb632b-1e6e-5104-b76a-f5ef83b1d136,T1649
attack-pattern--db8552ed-8c60-5af0-bf84-8ea7280937d4,T1114.003
attack-pattern--f5c688f3-4eba-50dc-af6a-1894693b5a78,T1074
attack-pattern--d39aa95e-ac26-517b-b25f-0deacc2e230e,T1546.009
attack-pattern--670f060b-0fec-562e-b69e-f0f1d30e80cf,T1127.003
attack-pattern--fe37f69c-bf94-5b3d-84e1-dc7a900689f4,T1020.001
attack-pattern--f5c5f48d-7f06-54fb-a005-b7598c34a150,T1647
attack-pattern--c841c2bc-6c3f-5591-9cd6-784f466ccfff,T1055.004
attack-pattern--d4a3773e-ed5b-5964-b3fc-7b317bcb8384,T1036.004
attack-pattern--fb371855-49bb-545a-a878-823a5c2c99c6,T1568
attack-pattern--76ce6def-7a4e-5db5-a596-65e989580870,T1609
attack-pattern--f08fb7d2-2923-5026-90d7-23a411d2448b,T1083
attack-pattern--acd39680-e91f-5f81-8185-fc99340e62d1,T1550.003
attack-pattern--3982d7f7-09d6-5a35-9da1-7072b0361c6f,T1137.001
attack-pattern--1be14b7c-b9d9-575b-98ed-632835f405f2,T1213.001
attack-pattern--431bc0ef-6486-5825-b84f-d0776e9c8459,T1583.003
attack-pattern--bcb9a0e7-b0a2-5b9a-95a0-97d628948554,T1048.001
attack-pattern--c61b6735-56a7-5d75-999e-a4c58182528e,T1542.002
attack-pattern--4de9ecd9-2501-5d06-8c4b-649fca962034,T1070
attack-pattern--aa88a511-4cdd-55f1-b4a5-58f85ce2bbfe,T1027.017
attack-pattern--1927c78b-45fe-5264-9330-5955ed7d4de6,T1036.002
attack-pattern--fafa554f-53fc-5b1b-8f47-bd73b3f4596b,T1588.001
attack-pattern--f7f9053b-31a9-500e-b56e-9dad4b636ad2,T1219.001
attack-pattern--339d200b-b0df-57b7-9de4-6ae98cc10a28,T1175
attack-pattern--6cf695e1-88a7-569c-b55b-ad6f5cbcb9fe,T1562.007
attack-pattern--7abbb166-f77d-5566-94c4-58e8cb294ec1,T1592.004
attack-pattern--f236ced8-1590-510c-800a-47476fd66557,T1020
attack-pattern--0702482e-dfb2-55cd-8ff6-90ded73a6069,T1558.001
attack-pattern--fc00830a-f084-52f3-a2c8-fd7f03a3ffde,T1482
attack-pattern--d916eb8f-57eb-5fcc-90ec-57b7b95ff9ad,T1677
attack-pattern--38cc1731-ae94-506d-85a1-ee52b5a3b26a,T1589.003
attack-pattern--01dd72b6-aa74-507a-be33-39bdcb3f293e,T1562.006
attack-pattern--1e94c680-35ed-57e9-92fe-5e47361813c8,T1564.014
attack-pattern--352c6f12-aa11-5b59-9f4d-43c2f534c00b,T1136.002
attack-pattern--bab942ff-7c9c-5062-9e92-3392bfb2fd74,T1059
attack-pattern--4aa6482c-5017-5566-aba4-fefee32e37cf,T1204.005
attack-pattern--5af5d339-57f2-592b-bc68-0a30d802c7d9,T1090
attack-pattern--c730f6bb-13bf-506a-bec6-ca5d5461e137,T1087
attack-pattern--ecf42889-bb38-5ac1-967e-5d636732087b,T1496.002
attack-pattern--9c401886-9794-5e6e-b583-9571761e787f,T1546.008
attack-pattern--85a3c8ae-71a1-586d-aebc-7225845b72b8,T1578.003
attack-pattern--b5d06bfb-a8eb-5e03-96db-a8015fb6f202,T1574.005
attack-pattern--30be9f4a-85a4-5cb6-8a22-f7400294088b,T1593.003
attack-pattern--e2a4b0f0-e45e-5067-b4cd-19637913ce9f,T1055.013
attack-pattern--dc983fe5-9b58-57f0-95f8-48a24ce91d4e,T1548.005
attack-pattern--64e4d0b4-c714-5405-aa23-f86a97588a3c,T1016
attack-pattern--5b057a2c-67f1-551b-9e20-9468f394d558,T1125
attack-pattern--1a4099af-1a10-5b37-b82f-8944774fdd10,T1591.002
attack-pattern--b3016357-6fd9-5480-864e-b72ba169633f,T1546.012
attack-pattern--c44831ce-7a86-5783-8346-d75eb0031c7d,T1218.008
attack-pattern--dc1d45b1-36b5-5aee-b164-1e801b6ad992,T1593.002
attack-pattern--7cf4b5df-436c-522f-b6db-57e026180c08,T1098.004
attack-pattern--4e6287d4-07bf-5147-99a0-ccc017eefd72,T1590.006
attack-pattern--f4d24f6a-958e-578e-b7c8-e3f645fe3b74,T1003.005
attack-pattern--9cfacf5e-cc5e-55d4-b1a1-7255d4f30531,T1673
attack-pattern--4ed66baa-785b-5592-a3f5-b3e257d148b5,T1598.004
attack-pattern--eb73332a-21e5-578d-9c2a-79ebf66a14f0,T1589.002
attack-pattern--5d3f3932-732c-50ca-b461-067331513676,T1108
attack-pattern--e609f0c3-63fc-5877-a93b-fcfcb91454b6,T1056.003
attack-pattern--6289544c-f3fa-52d1-b3fa-28b0e2a151bc,T1021.003
attack-pattern--90aa663c-fc31-5f76-a2a7-f2a5e4125d06,T1090.002
attack-pattern--79bd2f9a-c6ba-542f-b8f3-a45a69066fa5,T1110.003
attack-pattern--c4ba1f86-0fc1-5009-a31c-c3f437a3e3e8,T1547.004
attack-pattern--2f51d632-cb44-5186-9665-2b1b7d4f4a32,T1548.001
attack-pattern--1af74241-9b09-5160-a76e-d9b850b72415,T1548
attack-pattern--0b75beed-9a14-5c11-a84d-58bf05894394,T1134.002
attack-pattern--61820f5c-d52f-54c2-aee3-032710f370d6,T1027.016
attack-pattern--b14d5467-e18f-5a06-bc8f-97e336f449f8,T1595
attack-pattern--64c32646-304a-5cbd-9bd3-b65520bf3a08,T1176.002
attack-pattern--fbea46d8-3072-5b43-8834-867b208d3d69,T1222
attack-pattern--b99b2e84-d430-5d56-94f2-ccaceddce4ad,T1003.001
attack-pattern--57daeedb-41c1-5de4-9058-d9049a4fbb40,T1557.001
attack-pattern--e8b4bab3-205b-52e1-a4f6-f8b96a139908,T1070.001
attack-pattern--63614cba-b205-5f41-a097-1f8e8d8c1e41,T1585.002
attack-pattern--b86c8d84-0f6b-5524-ab59-115c5120c449,T1574.006
attack-pattern--345307c5-9446-5df0-bfc0-bb2a18104cde,T1674
attack-pattern--f7523b0f-8eaa-5b4a-b8fd-08fe1f0a07e3,T1092
attack-pattern--3e41209b-f093-5f15-b192-670b9542e5ca,T1136.001
attack-pattern--29b9f366-64ba-5b9f-a4a0-8a8074bbf7db,T1681
attack-pattern--5e196ff9-7f53-5f57-869c-814b46ac4c6e,T1078.001
attack-pattern--b317033f-fdcd-530b-b273-3fd108a6dd04,T1546.005
attack-pattern--83832847-9e00-5b11-870f-34c3fe364edb,T1547.003
attack-pattern--ea5fbfd7-7edc-5346-ba97-5bb57db1897b,T1011.001
attack-pattern--7ab9b37a-2af9-5ba3-acb0-1b494300f239,T1583.004
attack-pattern--5537b921-6f56-5fb2-9c99-5ea9db96a30b,T1021.006
attack-pattern--7b292b56-6f58-5d08-a683-479b8e2c2ff8,T1552.004
attack-pattern--162ab9c7-f3c1-5bf2-b2cd-06fa4e487691,T1484.001
attack-pattern--3d29b859-e690-5ac8-9935-5a7b2f65533b,T1217
attack-pattern--6a8fbf2c-76ba-551b-bb98-44feae55614a,T1505.003
attack-pattern--123c9360-e002-5ac7-b98a-71490434690e,T1027.001
attack-pattern--7707991e-466a-5ca2-997e-2f039dc49237,T1557.003
attack-pattern--eabc2bd9-aecd-5dca-8377-f6af74315ba9,T1564.013
attack-pattern--f92e09e3-07fd-5b82-bb6c-b925726b4da2,T1563
attack-pattern--6a053133-1baf-56bb-8d32-50d1cb4e42e5,T1535
attack-pattern--259d259a-3f27-5999-9593-92a3be3d938f,T1574.008
attack-pattern--3d0df6ee-925c-509c-b84e-8c110b00424c,T1555.003
attack-pattern--51bf7af8-7ed0-5641-a7a3-28a6fd976938,T1491
attack-pattern--f5ba552c-6028-5ab2-ba78-48f5783b301a,T1580
attack-pattern--67efc969-1bc4-544f-ab77-715dd734644c,T1112
attack-pattern--5f020ea6-fd6a-596e-8ec0-57e2cc9f632e,T1543.004
attack-pattern--62110795-e851-5455-993c-edc2465c73b7,T1553.006
attack-pattern--fe8733ca-5900-572b-85ae-4415125d8a04,T1610
attack-pattern--2fde12f1-5350-53c8-88b0-9f5d57b931ab,T1207
attack-pattern--faa36823-c87a-5a20-bbbb-006ddb067faf,T1596
attack-pattern--4cc4b220-4cf9-543b-a5f3-87a97fe79925,T1218.015
attack-pattern--e2b839bc-717f-512c-ad3d-f1b9ca15b640,T1562.012
attack-pattern--b3b3fadd-a00e-53a1-88e5-7763547afefc,T1059.009
attack-pattern--92a783ac-7045-5d24-8af5-e400f7dc7427,T1556.007
attack-pattern--68098f84-386a-5b5f-8e5a-4a5aa8ee1e45,T1595.002
attack-pattern--dbcd985e-e7ac-5b67-beec-5eef9fb1ec2c,T1021
attack-pattern--fa061b04-6c6c-5fe0-b11e-3e35719702ee,T1071.003
attack-pattern--787f42ef-2a9d-518d-8feb-fa27f78bfbe0,T1553.003
attack-pattern--1ae85424-9572-56e3-9d24-05713dfb10ea,T1185
attack-pattern--53132a12-0844-5004-8750-8d32ed19c175,T1589
attack-pattern--81f88dd7-dec9-5a6b-a925-bbdadad0d811,T1560
attack-pattern--ed7155c5-57e2-546d-8bc8-78c7f4f9d292,T1562.004
attack-pattern--b7c8e655-15de-5bf1-a346-f613b0860e71,T1602.002
attack-pattern--3c64edf3-5983-59ad-96c9-afcbd5555271,T1550
attack-pattern--87c0b11f-cd8c-5d28-885c-177f5e2aad07,T1597.001
attack-pattern--8b8180a5-0022-5267-bed9-2f785dd3b55f,T1011
attack-pattern--3dc1fc0e-c886-5293-845c-0d20a08c2616,T1608.002
attack-pattern--511368d4-c71a-5a20-863c-9aa36e1cd269,T1036.011
attack-pattern--ec60d8af-512d-54c1-a623-fd7599c2a383,T1547.005
attack-pattern--7e9e0c1d-7c1b-57df-a360-20694437bbbf,T1218.002
attack-pattern--380916a4-e8f7-57e3-afae-c2371a8516c1,T1599.001
attack-pattern--80d44091-715e-5563-a5d0-3b0ca5bb08dc,T1572
attack-pattern--12dcbd5c-56e3-5482-9c4e-894d77823b6f,T1021.002
attack-pattern--4ba66e44-bab2-5ac2-875a-1019d52312e0,T1562.002
attack-pattern--b4b086b4-115c-584e-b9e4-b25c14e9ace5,T1525
attack-pattern--15327b02-1dc5-55d3-92f0-17d607ae4d15,T1029
attack-pattern--54f98c76-6624-5b2c-a07a-5b2e4857ebb1,T1218.003
attack-pattern--03444c66-f396-518c-8ed6-ee1c1be63c4c,T1563.001
attack-pattern--9a799fee-ce13-5f41-90ad-071381fe2064,T1062
attack-pattern--4baac2bd-23b8-5b10-8a78-d24aec2195d7,T1087.003
attack-pattern--cd3eda65-3eba-59c9-be9c-a0c3d594fc7d,T1497.003
attack-pattern--921ed613-42cb-54ed-ae38-d5a03753fd98,T1569.003
attack-pattern--2551dbf4-1048-55f5-b2bb-6f62472b9796,T1611
attack-pattern--4fa1e89e-9e49-550b-8d6e-d0eaab56931a,T1010
attack-pattern--566b06e6-3a58-5cbd-9446-0fb5f4c1f9b6,T1547.009
attack-pattern--2232a1c7-0bcf-5cb1-adb0-1ec657b6c62d,T1518.002
attack-pattern--b94acaad-3dab-52b2-a4d1-25c2abbce3b2,T1564.011
attack-pattern--d01d11f1-d46c-590f-9289-09549784d17b,T1016.002
attack-pattern--051704e0-1282-51b1-a6ca-63e8e75e63f8,T1480.002
attack-pattern--d4d7f19e-c585-591e-80ff-764a29c00ddd,T1620
attack-pattern--0e04179e-3d00-5003-9900-e18d3cb46c96,T1557.004
attack-pattern--f384143f-bdea-5ed0-bcbf-73332733218e,T1070.006
attack-pattern--eb671754-50f0-5829-8d57-33b06b2b8e68,T1218
attack-pattern--d8a9d295-e2ee-529f-82b3-cb918acdcd9a,T1153
attack-pattern--7026b194-dc67-5c16-b954-0c0f27fde62c,T1021.008
attack-pattern--1b3cce14-31df-5a21-824c-92a46b0ae05e,T1567.004
attack-pattern--e7fd6d3b-eeaa-52b3-9be5-3885b0629cc7,T1205
attack-pattern--349c0bdc-5fa8-5dc8-970f-cd23657526e3,T1055
attack-pattern--7bf2ef68-6795-55d3-88cc-67441888d1aa,T1659
attack-pattern--59d0c699-ff2e-5393-9dce-f68f518a9abe,T1037.002
attack-pattern--a6690fc5-844f-5610-88f0-431814e83009,T1070.008
attack-pattern--2026ff51-7160-5591-bece-efc6ae47f1a5,T1547.010
attack-pattern--e020afa4-2e53-50f2-a86e-16b567627e8e,T1583.001
attack-pattern--e498ecdd-212a-55a0-9bbc-ae2728e40682,T1552
attack-pattern--35afe2fe-0f99-5b95-a258-f9dc3f655bdb,T1546.011
attack-pattern--3373b98e-039d-5e95-99ff-547d2aab1e39,T1036
attack-pattern--6786d47c-b1f4-55e2-bba7-1883b15c66bf,T1055.003
attack-pattern--6ff58a41-3c57-5e80-8e5e-e2611a8ae716,T1560.002
attack-pattern--a7de922a-140f-5f1f-8204-60a83d6f65d9,T1219
attack-pattern--f7369b85-566c-5d47-818d-70f0cced27da,T1567
attack-pattern--68003f5d-4963-573c-83cc-5299459bdb3e,T1558
attack-pattern--90a3f7f1-d15e-5756-80cb-0f3b84be23b7,T1190
attack-pattern--55d0c929-1bef-57bc-afc2-02e97392508c,T1555
attack-pattern--cb3c4ee9-5851-58b3-80ac-9a9a3de54802,T1195
attack-pattern--580a9749-b680-580a-a35e-ff8807f1bab4,T1608.001
attack-pattern--722e7a2a-add9-5f64-b73c-eb9e989453c0,T1098.007
attack-pattern--576adfd0-845e-5821-aadb-c33574a2e8e6,T1586.002
attack-pattern--d68f6136-c846-51c9-a8c4-58e183d1d12f,T1586.003
attack-pattern--6375784f-6a35-53a1-8553-f0d48e9b9dd8,T1562
attack-pattern--d8a4f7ea-596b-5564-bdd5-96a8bc79584e,T1137.005
attack-pattern--e8a8f23a-c1d2-5f4b-8356-d31b2a0c8065,T1140
attack-pattern--840125ca-c313-5059-bb55-93b15cfdcd2e,T1005
attack-pattern--ad281c0e-5532-53a1-a66e-80feacc829d3,T1202
attack-pattern--127a2b05-5773-5f7e-b1c7-22b53ebf5941,T1070.003
attack-pattern--3a805510-61ba-5648-bf2b-44655c1a8854,T1091
attack-pattern--f4796f2d-f2f2-506a-8fe3-f181ed0a6876,T1059.010
attack-pattern--69035039-2766-5f6a-b7fe-83c67a90619e,T1600.001
attack-pattern--76695353-997f-5ac7-a8f9-6f4d35793871,T1558.004
attack-pattern--655356d3-93a0-5d6b-be83-e1180efc9653,T1584.003
attack-pattern--75df232a-bb77-57f1-b664-05fbaeb62ef7,T1106
attack-pattern--fa6d408f-1b32-5fcb-a567-f35a6e17e85d,T1070.007
attack-pattern--8f6b031f-4ed9-57db-8499-9fb08cf3a357,T1558.005
attack-pattern--7fdf0083-5e11-5b6e-a7a0-311ebde66889,T1195.003
attack-pattern--8b5f1d86-db75-501f-9875-a8f90a5ef63a,T1499.002
attack-pattern--7130e256-0083-562c-94cd-d421fd7451a3,T1176
attack-pattern--559d8b55-406d-5c56-9ea4-851c59b985eb,T1059.002
attack-pattern--37cf2fa1-9479-5f36-b537-5aaa25b464df,T1505.005
attack-pattern--a104dd0c-dbb5-58d3-a0c5-bd070a8ec40d,T1498.002
attack-pattern--b99767c4-bc41-570a-9a83-b573b803b732,T1556.002
attack-pattern--7e727e4b-27eb-57db-931a-b64bd48c4ae1,T1590.003
attack-pattern--e5b0e55c-02d5-5f1d-9f76-6598364dcc96,T1098.006
attack-pattern--45e09dc2-7e3a-5858-bb61-e528c73d6630,T1218.007
attack-pattern--34ce0d85-2e27-5e39-9876-52d232f9b03d,T1053
attack-pattern--fb5adb10-bb73-5267-a0a8-7f5339fcd4fe,T1082
attack-pattern--63f9580c-ebbb-50c1-a298-18b1a9894741,T1074.002
attack-pattern--72b0fdd4-8a7b-5121-8382-17982e50ebfd,T1574.014
attack-pattern--e32bf01f-5410-5d31-8cbf-183aea1a91a4,T1071
attack-pattern--36e2bc89-7f7e-5bf3-a760-5b5cd75f2f36,T1222.001
attack-pattern--e285d995-0de8-5af9-9b47-1a8ed0c58d68,T1137.006
attack-pattern--287e3261-e1a1-5d17-8772-122851390347,T1505.002
attack-pattern--6a5d7d3a-ab60-5e97-80e2-182e2cba7dc3,T1587.002
attack-pattern--f7490b8f-7d39-5454-b901-e344f625d285,T1590.004
attack-pattern--a27fc9ff-48aa-544a-ac2e-a4c1629cd601,T1036.009
attack-pattern--d451f47d-57ef-5e46-b0bb-182aca0b5654,T1120
attack-pattern--fe552ce8-6c27-5ff7-8702-c45b190accf1,T1135
attack-pattern--5cec1de2-bcdb-56e3-8f42-fecf6ffac712,T1552.002
attack-pattern--f4ef4e46-3335-5a30-bbcc-885c7d7d1068,T1565.003
attack-pattern--65293481-b1c6-5421-ac91-85dd893f99a5,T1530
attack-pattern--4e85147c-2d85-5902-a152-6abd73fda3bb,T1040
attack-pattern--d518a856-c396-589d-a70e-cb8a9861105b,T1553.002
attack-pattern--a9f45d33-1027-5ed5-8297-8f7969861016,T1007
attack-pattern--351df876-10f6-5c10-afb7-c5f20abed7e8,T1608.004
attack-pattern--e42a99a6-3f46-5032-b93e-2ad05df47ffe,T1675
attack-pattern--c43939f1-8bc6-52a5-8e7a-437ac7286fa4,T1553.001
attack-pattern--519f65b4-cb24-511f-9a8f-88cad18d2c95,T1583.005
attack-pattern--9a22c546-592f-5b6a-afb3-de2ef7c3c46b,T1555.005
attack-pattern--f4b5ccd7-c097-536a-9887-b516fcdbcbdd,T1574.001
attack-pattern--8d9c5a8a-bdc2-54a3-b99d-b379d250704a,T1003.007
attack-pattern--fb9127d9-586e-5c01-ab44-db0dff2dd35c,T1115
attack-pattern--da9ba300-9f0f-5f3e-ab0f-8ac8dcbde839,T1119
attack-pattern--fbb68d17-145e-5d6e-81dc-2741008353d9,T1559.001
attack-pattern--b361dfb5-7858-5776-abbe-00b11e4ab2af,T1027.008
attack-pattern--6b3d6efe-0d48-5d0d-875a-086b0d02d110,T1566.001
attack-pattern--578589ae-ce67-545b-a069-759d1f0f64bf,T1598.003
attack-pattern--4d19d68e-c8b4-5fdc-b942-0f87a338e605,T1547.012
attack-pattern--b44e187b-e8f2-58e9-8df4-7444519669cc,T1098.003
attack-pattern--04dad620-4490-578c-8f4d-78a92b6bac77,T1021.004
attack-pattern--6b7573c9-95cb-5885-9d53-93f6e9893e6a,T1137
attack-pattern--da291119-0d9c-5430-9513-c0437c4fd7bb,T1218.004
attack-pattern--c99ef9d2-e161-5107-a6aa-4f3a05f1ad11,T1566.002
attack-pattern--4704479a-502e-50c7-87de-5909e44f39bd,T1499.004
attack-pattern--e99bff77-0d0b-5d0b-819b-919ff79c21fb,T1070.002
attack-pattern--6607071c-d324-5584-89de-94ae0a5aa776,T1588.006
attack-pattern--c621eccf-e171-5862-a847-2cef01e40137,T1069.002
attack-pattern--e467b67d-259e-55b3-8e93-8da8a4796da8,T1543.003
attack-pattern--d72773fd-51e0-59cb-b00c-4826e9d5c637,T1053.003
attack-pattern--d238685c-99e8-5355-a5f7-82950a9ec10d,T1497.001
attack-pattern--b9039bb3-5d6e-57bf-ba61-04fc276bf149,T1568.001
attack-pattern--41bd3fd6-7415-5598-a675-87a4dde4c340,T1176.001
attack-pattern--9e727bb8-1883-5f4a-841d-79a7446a254d,T1562.009
attack-pattern--a2105767-2059-5316-b2a7-12e7905436eb,T1542.005
attack-pattern--e9c0b9ab-64c9-5832-bf22-116a8dce39b1,T1087.001
attack-pattern--48c02eb9-9e74-52f7-a012-a72dd81a4e61,T1586.001
attack-pattern--ad7b5f19-e2fb-5790-a79b-77059badbdac,T1484.002
attack-pattern--dddfcbea-f665-55cb-ae75-dab028a1ef70,T1573.001
attack-pattern--fc36dfe1-856f-5130-9b87-c3583788c550,T1213.006
attack-pattern--3f324589-a501-5ad9-b313-05915128d978,T1080
attack-pattern--fba8e6cc-361c-510c-8253-f25f078e720e,T1592.001
attack-pattern--8fd6324e-ace1-5c91-be5a-71f735498cd7,T1071.005
attack-pattern--a93cf306-63be-5adc-8522-55cfd36ad02a,T1591.003
attack-pattern--ff435059-1e2e-5353-80e7-1b9620c8f55a,T1559.002
attack-pattern--6520a060-b35c-5ae4-b24f-0b7c36b8c064,T1204.002
attack-pattern--712522ec-fd94-524f-8ddd-1c793389a510,T1547.014
attack-pattern--35afd009-4f86-5c29-a246-ccae9eb90a66,T1564
attack-pattern--955c52cb-b6e4-5523-b616-acb00d50e54d,T1652
attack-pattern--11afe813-f1ff-5e3d-a4af-4e9b45a6c3c6,T1087.002
attack-pattern--8aa33d19-5abd-5616-bef0-79347677da3c,T1587.001
attack-pattern--3092c733-c941-5c18-b0fc-f3970ba31a22,T1489
attack-pattern--f00aeb8b-d51a-5447-98e3-64b2d69e4727,T1606.002
attack-pattern--646d2e6a-932a-5c11-8b97-678158b4dd0a,T1036.008
attack-pattern--3ec67aae-090a-5b45-bb96-dbbeec6dc2c4,T1600
attack-pattern--1a1f5ad2-ced3-5d2e-89cc-c8d4ec2f98dc,T1003.004
attack-pattern--18e69eba-cb53-57e5-bf82-3d53e5fed39a,T1547
attack-pattern--aec09d33-6226-5bbb-a957-03dfd992207e,T1555.001
attack-pattern--2ae4e755-f0e9-5e94-a245-071b3abd7b49,T1114.001
attack-pattern--829de904-c12d-5e22-807c-3ac8c5cfd62d,T1110.002
attack-pattern--83601a2d-a20c-5ca1-aaf8-101a6bb7e468,T1565.001
attack-pattern--141cb6c4-5036-566f-a534-24dccb94a337,T1036.005
attack-pattern--7cf48966-6f0e-57f4-a731-b895deb270ae,T1587.003
attack-pattern--2193c28e-507c-5327-a24d-b79b2a6e8553,T1218.013
attack-pattern--0f72e72a-9b98-5f0c-a532-dd0f3a9fdd5e,T1074.001
attack-pattern--3263b2cd-6654-5164-a702-dc79d55c6b89,T1542.003
attack-pattern--13505e9f-866d-51af-9e2c-72a8af0de802,T1025
attack-pattern--18b4be8f-7ba8-5b5b-88b3-f13981b9f228,T1615
attack-pattern--ed0c7ba2-8dae-5462-8fcd-c1d4e0878ee2,T1555.002
attack-pattern--ef547f57-c556-54f1-95a2-af9a7ffe5e80,T1071.004
attack-pattern--86851eb2-4539-53c6-b844-3dece3e6c961,T1552.005
attack-pattern--87546569-d4fc-55ae-84cf-b18058ffe61b,T1561
attack-pattern--a876d3e8-4274-5247-831a-b496beef7ef1,T1195.001
attack-pattern--4cc1e794-71fb-5dc1-899c-8f44d1b5cd32,T1588.004
attack-pattern--b5a413d2-fd8e-57f5-a927-2e04e2bcb3c2,T1583.002
attack-pattern--a2116d8f-0904-5878-92b9-00930c4003a1,T1594
attack-pattern--5e67b14b-5b39-5b83-aad3-ddb27c8fb27f,T1499.003
attack-pattern--ac88f326-1a7b-540d-9a5c-37cc3abbc03f,T1596.001
attack-pattern--089355e9-a7d9-5319-8f3c-22bcdc204149,T1574.011
attack-pattern--305f2217-4dd0-5ddc-9890-d0bba9aea28e,T1069.003
attack-pattern--7404b580-2f50-5641-a9e5-e20f672b2a69,T1114
attack-pattern--41329b7b-8efb-53f6-aa17-59eab2f6f193,T1003.002
attack-pattern--3775925a-b513-5ef8-aacb-dc80d40aa044,T1542.001
attack-pattern--a65f9aa5-f33f-5223-8971-ac4217e43367,T1596.002
attack-pattern--b5ce56bc-13e2-56a7-9943-559ec3a5a939,T1583.008
attack-pattern--287ded41-065d-5f8f-b8f9-5201833add60,T1069
attack-pattern--63cf3fb6-a8c3-56d8-8f4b-84b3cab4caeb,T1584.008
attack-pattern--e379d4aa-118a-5941-87c1-06b189bdf89a,T1548.003
attack-pattern--544774f0-377c-5b3e-b622-58918cafe12c,T1560.003
attack-pattern--bde2d967-8cbe-5992-a624-27ec7f97eb53,T1578
attack-pattern--11f7f313-5576-5d2c-b5ce-dca930feac4a,T1496.003
attack-pattern--4bd0ecc3-ea17-531d-8b98-7a3e921c346b,T1548.002
attack-pattern--cf717c72-2aac-549e-8d20-1b0b42033d89,T1016.001
attack-pattern--a2a36b7f-0dab-5a0e-ab17-19edc02d92b6,T1568.002
attack-pattern--f9a886ac-2eee-5249-aa08-cfeca3a9e53e,T1036.007
attack-pattern--9a953457-8298-56eb-a56a-6dfa4c7372e5,T1053.007
attack-pattern--c1d2f965-1aa0-5a6f-a54e-5c5c3405d33e,T1539
attack-pattern--c19a71c8-46de-5c9b-a619-10cd264ecddd,T1133
attack-pattern--cb2fa59a-5b77-521d-ad29-61748ba17542,T1546.006
attack-pattern--85520f53-08e8-5683-8e9b-b4d7a7ffe3dc,T1543
attack-pattern--d10dc0e9-5b59-5551-ab60-6de6d778e9e1,T1485.001
attack-pattern--4daaeb43-d795-5e83-97ec-3c83164a50c3,T1123
attack-pattern--3e834504-2fbb-503f-85b7-39b308850cb7,T1059.007
attack-pattern--3e12dc6d-7b03-5ba4-983d-a7a8d8efbe98,T1590.002
attack-pattern--420ef85f-5252-51bf-bd9c-ee86f5212542,T1546.013
attack-pattern--be0c53ca-4761-58a1-8104-9dc5a155be01,T1499.001
attack-pattern--57bbbd30-8044-57a3-aebb-7a7c7a5b1294,T1014
attack-pattern--12f2948a-9df2-5e4e-8b44-0fda0fb5a548,T1590.005
attack-pattern--8f952b29-577a-50de-aa95-07aca4f4a9ab,T1491.002
attack-pattern--322c8afa-5f29-5e3c-8c4f-c529d390639a,T1564.008
attack-pattern--5824a365-0699-58d4-aded-ae9d9a0fb42b,T1027.013
attack-pattern--6cf097cc-189f-5691-81dc-8af6279e3fff,T1666
attack-pattern--ae57a7ea-fb1d-56f8-8a71-7b8da3726031,T1588.007
attack-pattern--c02c69b5-8f13-582a-89f1-c2c58891e284,T1006
attack-pattern--f6b0e1db-fa62-5208-881a-40c50e660e6b,T1574.007
attack-pattern--cbda6f59-62e2-5caf-93f7-0c7b4125fdaa,T1213.002
attack-pattern--b7b7bb42-3f89-5d83-a31c-1a30b349cfdc,T1561.002
attack-pattern--22353b95-d544-5169-b7fa-89ec876a2ed6,T1498.001
attack-pattern--033921be-85df-5f05-8bc0-d3d9fc945db9,T1003
attack-pattern--dbcc14aa-4b59-5ce5-a9bd-edcc077965cf,T1129
attack-pattern--2d6d8cdf-78a6-54c3-8daf-9c3a5f8efc65,T1602
attack-pattern--49c1c434-de4e-584c-9509-ff8e41cdcdd7,T1597.002
attack-pattern--073a7b8f-a2d7-55ef-b37c-4b0f6c77b2ad,T1110.001
attack-pattern--b2c23832-913a-5573-ba7c-3a4725c3385a,T1216.001
attack-pattern--3167a187-a447-5890-a203-5c239d1c2d64,T1222.002
attack-pattern--48d129fa-47f9-535b-a1b9-eaf9671465d1,T1564.012
attack-pattern--4472e3c5-3959-5402-bc61-b74a32ab7a4c,T1056.001
attack-pattern--f1a59138-c491-54ff-aa09-a0f8025827d2,T1596.003
attack-pattern--9f3f4990-f93d-5b66-9988-f1d35fcf2627,T1592
attack-pattern--4932f0c4-3689-536c-9d6b-09ae2789981f,T1556.003
attack-pattern--07b0009b-9def-5905-b5c8-1113a0d08473,T1027.009
attack-pattern--adc413b8-7d94-5c9d-bad2-9dabd729730d,T1578.004
attack-pattern--cb6af31e-c880-541e-9ece-3d536dc70865,T1132.001
attack-pattern--76bb0589-6c26-5e2b-98f3-455791b63aa9,T1583.007
attack-pattern--5139ec9a-90a3-5bc9-9d1f-2ce5f6383653,T1613
attack-pattern--7d45e967-fc57-5629-9d70-b4711c46b239,T1218.011
attack-pattern--7ca11b10-9dbc-5658-8c0c-753ca1a7a595,T1583
attack-pattern--0169d0ef-eadd-5b78-aa6c-f54700d05947,T1557
attack-pattern--cbf0c8ca-5d6a-53be-b391-93f861e48d47,T1033
attack-pattern--de0dfb5a-6c01-57e0-be8d-1996b22c0c70,T1027.011
attack-pattern--c0d373c4-8e90-5c2e-be23-3b175d53e1ce,T1037
attack-pattern--4bd80328-9d32-54cd-88c8-c5316a83f459,T1021.005
attack-pattern--fa7c2996-72b0-58d6-a487-093765e37059,T1113
attack-pattern--0e3468b8-dc0e-508c-8214-b1da569c42f8,T1047
attack-pattern--ec0c334c-523c-5c54-9b5f-f8f1803f34d0,T1205.002
attack-pattern--96b51991-11f2-56b1-b811-679a3a288e6b,T1560.001
attack-pattern--69cb85fd-7913-51ba-8c32-7abcbfd7d820,T1053.005
attack-pattern--21e57b22-c6d0-5158-a770-0b7672b80c1b,T1055.011
